time,accZ,velZ
0.0,1.0058087898899615,0.14564180846958863
0.9820000000036089,1.0058087898899615,0.14584695169334255
1.9800000000104774,1.0062970465840828,0.146069338190506
3.011000000013155,1.0072735599723255,0.14632621123448866
4.377000000007683,1.0082500733605682,0.14661757082529048
5.379000000000815,1.0087383300546895,0.1469261736895019
6.3950000000040745,1.0097148434429324,0.1472692631005325
7.4060000000026776,1.0102031001370537,0.14762959578497267
8.408000000010361,1.010691356831175,0.14800717174282246
9.775000000008731,1.0111796135252964,0.14840199097408183
10.79200000000128,1.0116678702194177,0.14881405347875076
11.811000000001513,1.012156126913539,0.14924335925682933
12.811000000001513,1.0131326403017817,0.14970715158172704
14.160000000003492,1.013620896995903,0.15018818718003435
15.155000000013388,1.0145974103841457,0.15070370932516086
16.185000000012224,1.0155739237723884,0.15125371801710652
17.17500000000291,1.016550437160631,0.15183821325587138
18.228000000002794,1.0170386938547524,0.1524399517680458
19.628000000011525,1.018015207242995,0.15307617682703942
20.670000000012806,1.0189917206312378,0.1537468884328522
21.635000000009313,1.019479977325359,0.15443484331207458
22.648000000001048,1.0204564907136018,0.15515728473811616
23.663000000000466,1.0204564907136018,0.1558797261641577
25.038000000000466,1.0209447474077231,0.15661941086360887
26.04000000000815,1.0209447474077231,0.15735909556306002
27.037000000011176,1.0204564907136018,0.1580815369891016
28.04100000001199,1.0204564907136018,0.15880397841514315
29.0679999999993,1.0204564907136018,0.1595264198411847
30.47500000000582,1.0199682340194804,0.16023161799381666
31.49000000000524,1.0199682340194804,0.16093681614644864
32.503000000011525,1.0189917206312378,0.16160752775226145
33.54200000000128,1.0185034639371164,0.16226099608466465
34.53000000001339,1.0175269505488738,0.16287997787024866
35.88999999999942,1.016550437160631,0.16346447310901355
36.89100000000326,1.0160621804665098,0.16403172507436878
37.95600000000559,1.015085667078267,0.16456449049290486
38.95900000000256,1.0145974103841457,0.16508001263803135
39.94100000000617,1.0141091536900244,0.16557829150974826
41.29800000000978,1.0141091536900244,0.16607657038146514
42.320000000006985,1.0141091536900244,0.16657484925318203
43.31100000000151,1.0141091536900244,0.1670731281248989
44.31700000001001,1.0145974103841457,0.16758865027002542
45.33400000000256,1.0155739237723884,0.1681386589619711
46.719000000011874,1.016550437160631,0.16872315420073597
47.73400000001129,1.0185034639371164,0.16937662253313918
48.72600000000966,1.0204564907136018,0.17009906395918073
49.73099999999977,1.0228977741842085,0.17090772175227023
50.770000000004075,1.0248508009606938,0.17178535263899808
52.13999999999942,1.0272920844313005,0.1727491998927739
53.138000000006286,1.0292451112077858,0.17378202024018807
54.15899999999965,1.0307098812901498,0.174866570407831
55.185000000012224,1.0321746513725139,0.1760028503957027
56.204000000012456,1.0336394214548779,0.17719086020380317
57.562000000005355,1.035104191537242,0.1784305998321324
58.578000000008615,1.036568961619606,0.17972206928069043
59.61500000000524,1.0375454750078488,0.1810480252760676
60.60599999999977,1.0390102450902128,0.18242571109167355
61.969000000011874,1.0409632718666981,0.18387237000091786
62.96500000001106,1.0434045553373048,0.1854052452772101
64.00500000000466,1.0468223521961542,0.18705882346736952
65.0,1.0517049191373675,0.1888848343916248
66.02300000000105,1.0565874860785809,0.19088327804997593
67.38500000000931,1.0624465664080371,0.1930886409892422
68.40400000000955,1.0678173900433718,0.1954836799360139
69.39400000000023,1.0731882136787065,0.1980683948902911
70.3920000000071,1.0785590373140412,0.20084278585207377
71.40700000000652,1.0829533475611333,0.20377236627454273
72.78399999999965,1.0868594011141042,0.20683989288428847
73.77200000001176,1.0897889412788322,0.2100108791344917
74.79000000000815,1.0927184814435602,0.21328532502515246
75.78500000000349,1.0951597649141669,0.2166459872828612
76.80400000000373,1.098089305078895,0.22011010918102744
78.22000000000116,1.102483615325987,0.22372942053988
79.23400000001129,1.1093192090436859,0.22759013772646683
80.20600000000559,1.1176195728437486,0.23174399056101663
81.24600000001374,1.128361220114418,0.2362771954105774
82.61000000000058,1.1405676374674516,0.24124148209537796
83.60400000000664,1.154238824902849,0.24668858043564695
84.61600000000908,1.1679100123382467,0.2526184904313845
85.64900000000489,1.1810929430795227,0.2590139688091809
86.63900000001013,1.1937876171266777,0.2658577722956266
88.0060000000085,1.2050175210914684,0.27309817107049295
89.0170000000071,1.2162474250562594,0.2807351651337798
90.03900000000431,1.2274773290210501,0.2887687544854872
91.03399999999965,1.2382189762917197,0.29718169585220555
92.03399999999965,1.2489606235623891,0.30597398923393493
93.42300000000978,1.2611670409154228,0.31519736445090396
94.45000000001164,1.2758147417390628,0.32493803787016073
95.4429999999993,1.2924154693391885,0.33526498258534354
96.44500000000698,1.3114574804099208,0.3462644149635003
97.44700000000012,1.331964261563017,0.35798806482485984
98.91500000000815,1.353447556104356,0.3704704187162412
99.94600000001083,1.374930850645695,0.38371147663764454
100.9320000000007,1.397878915269398,0.3977629684092986
101.9490000000078,1.420826979893101,0.4126248940312034
102.96400000000722,1.4427985311285614,0.4282627669565396
104.37300000000687,1.4647700823640217,0.44467658718530745
105.36300000001211,1.485276863517118,0.461814624897278
106.37900000000081,1.5057836446702142,0.4796768800924513
107.39400000000023,1.5277551959056745,0.49831508259105606
108.41400000000431,1.549726747141135,0.5177292323930923
109.7950000000128,1.5707217849883526,0.5378848429517411
110.80100000000675,1.5936698496120556,0.5588508873606405
111.81500000000233,1.6190591977063653,0.5807135819868384
112.80600000001141,1.6464015725771604,0.6035418999239734
114.1770000000106,1.676185230918562,0.6274220575390934
115.1990000000078,1.707433659342328,0.6524057846524272
116.21600000000035,1.7406351145425791,0.6785620543576127
117.21600000000035,1.7738365697428302,0.7058908666546506
118.26800000001094,1.8065497682489602,0.7343749782701309
119.32900000001246,1.8382864533668473,0.7639799026572345
120.38999999999942,1.8705113951788557,0.7947228830893709
121.36600000000908,1.9022480802967427,0.8265866762931307
122.36300000001211,1.9344730221087514,0.8595885255419233
123.71100000001024,1.9696275040854878,0.8938318904762065
124.72600000000966,2.0067350128387096,0.9293857441896184
125.73500000000058,2.044330778286053,0.9662673299555687
126.74600000001374,2.0833913138157603,1.0045283775942861
127.7450000000099,2.1234283627337103,1.04420337365259
129.13400000000547,2.162000641569296,1.0852405883102512
130.14300000001094,2.201061177099003,1.1276572648406797
131.12200000000303,2.241098226016953,1.1714878897906944
132.12300000000687,2.2830883017113885,1.2168014362539337
133.15100000001257,2.3260548907940666,1.2636323907772171
134.51200000000244,2.3699979932649873,1.3120152399073635
135.55100000000675,2.413452839041786,1.361932740370963
136.5520000000106,2.4569076848185856,1.4133848921680163
137.59000000001106,2.4998742739012636,1.4663544520251133
138.625,2.5428408629839416,1.5208414199422544
139.66800000000512,2.5867839654548623,1.5768802824662582
140.70400000001246,2.6302388112316617,1.6344537963237156
141.70500000000175,2.6741819137025824,1.6935792047880358
142.7170000000042,2.718125016173503,1.7542565078592192
143.70100000000093,2.761579861950302,1.816468462263856
145.05800000000454,2.8113820447506788,1.8804392305562712
146.11100000000442,2.8689963346569973,1.9464447051110179
147.11100000000442,2.927587137951558,2.014519372474915
148.1020000000135,2.986177941246119,2.084663232647963
149.46500000001106,3.0457452579289224,2.156910772176981
150.4930000000022,3.102871291141119,2.231175774694921
151.49700000000303,3.1595090676591946,2.3074409969283725
152.49400000000605,3.215658587483149,2.3856891956039274
153.51499999999942,3.2718081073071033,2.465920370721585
154.88999999999942,3.3284458838251787,2.5481517655547554
155.8850000000093,3.38361889026089,2.632331650283209
156.87700000000768,3.4387918966966016,2.718460024906946
157.88200000001234,3.491035362967585,2.8064334297855096
158.92600000000675,3.5408375457679617,2.8961656485518508
160.29000000000815,3.5935692687330665,2.9877601408464276
161.29200000000128,3.6482540184746566,3.0812858797628784
162.31900000000314,3.7014739981338827,3.176691135480975
163.35800000000745,3.753717464404866,3.2739414214538973
164.3480000000127,3.804984417287607,3.3730022511348263
165.70800000001327,3.853810086699741,3.4737874081567144
166.72600000000966,3.902635756111875,3.5762968925195615
167.76499999999942,3.949996655441645,3.6804789744031385
168.76900000000023,3.9978458114655364,3.7863508970808555
169.78700000001118,4.044718454101186,3.893878174005893
171.14600000000792,4.091102840042713,4.003043561904842
172.1750000000029,4.13748722598424,4.113847060777702
173.16300000000047,4.1819185851492815,4.2262196975308335
174.1770000000106,4.224396917537838,4.340092499070599
175.17300000000978,4.265410479844031,4.455413735576773
176.54800000000978,4.304471015373738,4.5721144339557105
177.55500000000757,4.341090267432839,4.690108377840369
178.57200000000012,4.375268236021332,4.8093093508637
179.6180000000022,4.406516664445099,4.929613893385242
180.99800000000687,4.436788579480622,5.0509875188581805
181.9820000000036,4.466083981127902,5.173395740735694
182.9890000000014,4.494891126081061,5.296821315744372
184.00800000000163,4.523210014340099,5.4212470006108076
185.03399999999965,4.549575875822652,5.54660382224136
186.39600000000792,4.571547427058111,5.672736591175344
187.41500000000815,4.589612924740601,5.799507361225483
188.41300000000047,4.607678422423091,5.926916132391777
189.4600000000064,4.626232176799702,6.054980147947636
190.45100000000093,4.643321161093949,6.18364767807283
191.82100000001083,4.659433631999953,6.3128842362205395
192.83900000000722,4.67310481943535,6.442603606023718
193.8520000000135,4.684822980094263,6.572736814388728
194.8700000000099,4.69458811397669,6.703214888221929
195.88400000000547,4.704353247859117,6.834037827523321
197.2390000000014,4.714118381741543,6.965205632292905
198.32200000000012,4.722418745541606,7.096666572710453
199.32900000001246,4.729254339259304,7.228368918955734
200.3000000000029,4.735601676282882,7.36029542775534
201.65600000000268,4.74194901330646,7.492446099109273
202.6750000000029,4.749761120412401,7.624872662837756
203.67600000000675,4.757573227518343,7.757575118940793
204.70200000000477,4.764408821236041,7.890518980871566
205.68400000000838,4.770267901565497,8.023669762083253
207.05500000000757,4.774662211812589,8.156975732755628
208.0560000000114,4.780033035447924,8.290471379435505
209.0570000000007,4.786868629165623,8.42420843194312
210.06900000000314,4.794680736271564,8.558221376825287
211.11000000000058,4.801028073295142,8.69245848426178
212.47500000000582,4.805910640236355,8.826868024432365
213.48300000000745,4.810304950483447,8.961432754063637
214.4930000000022,4.814211004036418,9.096135429882189
215.5240000000049,4.819093570977631,9.231010538434834
216.50800000000163,4.823976137918844,9.366058079721576
217.88300000000163,4.827882191471815,9.501243567195594
218.89800000000105,4.830811731636543,9.63653251431007
219.89800000000105,4.832764758413028,9.771890434518184
220.89800000000105,4.834229528495393,9.907300084546529
221.9140000000043,4.837647325354243,10.042830437488737
223.27000000000407,4.84399466237782,10.178584952985272
224.2850000000035,4.85131851278964,10.314598117582952
225.2960000000021,4.8562010797308535,10.450783714914726
226.31200000000536,4.859618876589702,10.587090015160369
227.30500000000757,4.86254841675443,10.723499775046468
228.6770000000106,4.86596621361328,10.860030237846434
229.69100000000617,4.868895753778008,10.996664160286858
230.69700000000012,4.869384010472129,11.133315326000693
231.70000000001164,4.868407497083886,11.269932005167705
232.74200000001292,4.86596621361328,11.406462467967675
234.1070000000036,4.8649897002250375,11.542958444220822
235.11100000000442,4.865477956919158,11.679471663747378
236.12100000001374,4.866942727001523,11.816036613094166
237.1530000000057,4.867430983695644,11.95261880571436
238.57500000001164,4.867430983695644,12.089200998334556
239.59000000001106,4.869384010472129,12.22585216404839
240.57300000000396,4.871825293942736,12.362589546129273
241.59300000000803,4.8742665774133425,12.4994131445772
242.59300000000803,4.875243090801585,12.63627122957195
243.9490000000078,4.873778320719222,12.77307758474647
244.95400000001246,4.869872267166251,12.909745993733715
245.9890000000014,4.865477956919158,13.046259213260273
246.9770000000135,4.8620601600603095,13.182651729872962
247.9770000000135,4.859618876589702,13.318958030118605
249.39800000000105,4.855712823036732,13.45512638417697
250.46900000001187,4.849853742707276,13.591087818954419
251.44600000001083,4.84399466237782,13.726842334450954
252.4670000000042,4.840088608824849,13.862458903760212
253.82300000000396,4.837647325354243,13.997989256702423
254.86200000000827,4.835206041883636,14.133433393277587
255.85100000000966,4.830811731636543,14.268722340392063
256.8660000000091,4.824464394612966,14.403787124952213
257.89700000001176,4.8176288008952675,14.53861050368463
259.2920000000013,4.811769720565811,14.673226963136132
260.27500000000873,4.804934126848113,14.8076020167599
261.28600000000733,4.796145506353929,14.941666691462295
262.291000000012,4.785403859083259,15.07535201414968
263.3530000000028,4.773685698424346,15.208623498275236
264.73099999999977,4.761967537765434,15.34148114383896
265.7530000000115,4.7522024038830075,15.473993923934492
266.7490000000107,4.7434137833888235,15.60619632510865
267.7600000000093,4.733160392812275,15.738036617541212
268.8090000000084,4.721442232153363,15.869463071411943
270.1960000000108,4.70923581480033,16.000458443447428
271.2300000000105,4.6984941675296605,16.131074463467908
272.2390000000014,4.688729033647234,16.261345618020194
273.2280000000028,4.678963899764806,16.391271907104286
274.58600000001024,4.667733995800016,16.52080160089996
275.61900000000605,4.655039321752861,16.649882969586987
276.6420000000071,4.642344647705706,16.77851601316536
277.6310000000085,4.6306264870467935,16.906735218181904
278.6420000000071,4.620861353164367,17.034609557730256
279.9990000000107,4.61109621928194,17.162139031810415
281.0570000000007,4.600354572011271,17.289289153875572
282.06700000001,4.588148154658238,17.416008194105483
283.07600000000093,4.574476967222839,17.54224442267992
284.44800000000396,4.562270549869806,17.668049569419125
285.49000000000524,4.551040645905015,17.793458120869904
286.4780000000028,4.539322485246103,17.91845283375886
287.5100000000093,4.526627811198948,18.042999221539162
288.5170000000071,4.512468367069429,18.167045554390583
289.97900000000664,4.499285436328154,18.29062631885995
291.08400000000256,4.48707901897512,18.413776001494075
292.06700000001,4.477313885092693,18.53658081866001
293.06200000000536,4.468037007904387,18.65905801363116
294.09000000001106,4.45778361732784,18.78117309986071
295.541000000012,4.447530226751291,18.90292607734866
296.7560000000085,4.438741606257107,19.024368675915238
297.7170000000042,4.4314177558452865,19.14555262538067
298.7640000000101,4.426046932209952,19.266546898838598
300.13700000000244,4.420187851880496,19.38733425301561
301.1380000000063,4.413840514856918,19.507897444638296
302.1740000000136,4.406516664445099,19.628201987159837
303.2130000000034,4.399192814033278,19.74824788058024
304.1970000000001,4.393333733703822,19.868086854719724
305.56900000000314,4.387962910068488,19.987736152851703
306.5780000000086,4.38161557304491,20.10716128842936
307.63300000000163,4.37429172263309,20.22632777490587
308.6390000000101,4.3659913588330275,20.34520112573442
309.64400000000023,4.358179251727086,20.46379858418841
311.0140000000101,4.351831914703508,20.58217188008808
312.04700000000594,4.346949347762295,20.700372743253652
313.04000000000815,4.341578524126961,20.81838393041172
314.0480000000098,4.335719443797505,20.93618819828887
315.0450000000128,4.328883850079805,21.053751060338293
316.4990000000107,4.322536513056228,21.171089759833386
317.5140000000101,4.317653946115015,21.288256026594386
318.49400000000605,4.313747892562044,21.40528434716811
319.49000000000524,4.308865325620831,21.522140235007733
320.5100000000093,4.3034945019854955,21.63880644683985
321.9250000000029,4.2976354216560395,21.755265739391056
322.91900000000896,4.292752854714826,21.871552599208165
323.9060000000027,4.289335057855977,21.98771875611141
324.9470000000001,4.28689377438537,22.1037986966476
326.31900000000314,4.283964234220642,22.219775177543337
327.3110000000015,4.27956992397355,22.335596468978384
328.33000000000175,4.275663870420579,22.45127981422616
329.3790000000008,4.273222586949973,22.566876943106884
330.372000000003,4.272734330255851,22.6824568287142
331.77300000000105,4.27224607356173,22.798019471048107
332.7960000000021,4.270781303479366,22.913530383561785
333.80800000000454,4.268340020008759,23.028955079708414
334.8070000000007,4.265410479844031,23.144276316214587
335.82600000000093,4.264433966455789,23.25956306617394
337.1900000000023,4.263945709761667,23.374832572859884
338.22900000000664,4.262969196373424,23.490067592999004
339.20100000000093,4.260527912902818,23.60521639677108
340.1970000000001,4.257110116043968,23.72024449762929
341.22000000000116,4.254668832573362,23.83518638212045
342.66500000000815,4.2532040624909975,23.950076536791386
343.695000000007,4.2532040624909975,24.064966691462317
344.666000000012,4.252227549102755,24.179822359586428
345.6710000000021,4.249786265632149,24.294591811343494
346.7130000000034,4.2468567254674205,24.4092578034601
348.08000000000175,4.2439271853026925,24.523820335936254
349.1140000000014,4.242462415220328,24.63833113859217
350.122000000003,4.24295067191445,24.7528591845215
351.1180000000022,4.24295067191445,24.867387230450834
352.1200000000099,4.2409976451379645,24.981846303286527
353.4770000000135,4.239044618361479,25.09623640302858
354.51800000001094,4.2380681049732365,25.210592016223814
355.59000000001106,4.238556361667357,25.324964872692455
356.5740000000078,4.239044618361479,25.439354972434508
357.9460000000108,4.2380681049732365,25.553710585629744
358.94400000000314,4.235138564808508,25.667962739184517
359.9850000000006,4.231720767949659,25.78209418982543
360.99000000000524,4.2292794844790516,25.896139424099292
362.03800000000047,4.228302971090809,26.010150171826336
363.1090000000113,4.228302971090809,26.12416091955338
364.3240000000078,4.226838201008445,26.238119937460194
365.3000000000029,4.223908660843717,26.35197549572655
366.291000000012,4.22146737737311,26.46574483762586
367.30100000000675,4.2204908639848675,26.57947969297835
368.70400000001246,4.2204908639848675,26.69321454833084
369.7130000000034,4.219514350596625,26.806914917136513
370.6840000000084,4.216584810431897,26.920511826301723
371.68700000000536,4.2117022434906835,27.03393630273284
372.70000000001164,4.20681967654947,27.14718834642986
374.0600000000122,4.202913622996499,27.260302443939604
375.06200000000536,4.200472339525893,27.373330325082303
376.0980000000127,4.197542799361165,27.486254746584542
377.09500000000116,4.192660232419952,27.59900673535269
378.0980000000127,4.186312895396374,27.711534561566502
379.4600000000064,4.179477301678675,27.82382098195259
380.4630000000034,4.173618221349219,27.935900483057754
381.4890000000014,4.168247397713884,28.04779030815542
382.4840000000113,4.161900060690307,28.159455970698755
383.4910000000091,4.153111440196123,28.270811254320726
384.849000000002,4.144322819701939,28.381856159021318
385.8660000000091,4.135534199207754,28.49259068480054
386.86500000000524,4.1282103487959345,28.60306656147862
387.8890000000101,4.122839525160599,28.713352762149192
388.91500000000815,4.1164921881370224,28.82341480026544
390.32300000000396,4.108680081031081,28.933200946007137
391.34000000001106,4.100379717231018,29.042693956100866
392.320000000007,4.093544123513319,29.151945560366865
393.33200000000943,4.088661556572106,29.26102473189876
394.7020000000048,4.0837789896308925,29.36993147069657
395.74800000000687,4.076455139219072,29.47857956039323
396.7450000000099,4.06815477541901,29.58693451444193
397.71600000000035,4.058877898230704,29.69496184629584
398.7450000000099,4.05008927773652,29.80267879922839
400.1090000000113,4.043741940712943,29.910171589606602
401.1110000000044,4.037882860383487,30.017457460703906
402.1420000000071,4.031047266665787,30.12450192597348
403.15800000001036,4.022746902865725,30.231253255595085
404.13000000000466,4.013470025677419,30.337676963021902
405.48700000000827,4.005169661877357,30.44380753480077
406.48700000000827,3.998822324853779,30.549713944025303
407.52900000000955,3.9919867311360804,30.655378947422108
408.52900000000955,3.984174624030139,30.76076805844436
409.55800000000454,3.975386003535955,30.86584679054523
410.92600000000675,3.9661091263476496,30.970597900451327
411.9350000000122,3.9578087625475864,31.075055874709456
412.9360000000015,3.9519496822181304,31.179306929686675
413.9470000000001,3.947067115276917,31.283385551929797
414.95700000000943,3.9407197782533396,31.387240011618584
416.3899999999994,3.933884184535641,31.49085306547965
417.45000000001164,3.926560334123821,31.594207470239564
418.42200000000594,3.9216777671826075,31.697389442265383
419.44800000000396,3.918259970323758,31.800450711377337
420.4850000000006,3.913865660076666,31.903356791028603
421.8640000000014,3.908494836441331,32.00607319467236
422.8790000000008,3.9016592427236323,32.10854819248839
423.8670000000129,3.8948236490059336,32.21078178447669
424.9070000000065,3.889452825370599,32.31282570045747
425.8960000000079,3.886523285205871,32.4147661567978
427.2649999999994,3.884082001735264,32.51662039677109
428.2710000000079,3.881152461570536,32.61837117710391
429.3110000000015,3.877734664711687,32.72000125452286
430.32900000001246,3.8743168678528375,32.821510629027955
431.76100000001315,3.8728520977704735,32.92296827371282
432.75500000000466,3.872363841076352,33.02440867512428
433.78300000001036,3.8704108142998668,33.12578010344209
434.7780000000057,3.8669930174410174,33.22703082884603
435.8150000000023,3.862110450499804,33.32810912151589
437.1810000000114,3.8577161402527116,33.42903222472505
438.22200000000885,3.8542983433938622,33.52983462502035
439.1990000000078,3.8528335733114982,33.63058529549542
440.21100000001024,3.850880546535013,33.73126699287685
441.56600000000617,3.846486236287921,33.831793500797595
442.61900000000605,3.8416036693467075,33.93214757598424
443.6180000000022,3.838185872487858,34.03238094825702
444.60599999999977,3.836232845711373,34.132545347436164
445.61500000000524,3.834768075629009,34.23265801679507
446.98700000000827,3.8313502787701594,34.332649983240124
448.03300000001036,3.826467711828946,34.43246951695108
449.0679999999993,3.8210968881936114,34.53209937465452
450.070000000007,3.8167025779465193,34.63157404289728
451.06900000000314,3.8142612944759127,34.73096249477299
452.44400000000314,3.8127965243935487,34.83029921682847
453.44100000000617,3.80986698422882,34.9295324792435
454.46500000001106,3.8059609306758495,35.028627795471245
455.5310000000027,3.802543133817,35.12760240878512
456.5200000000041,3.801078363734636,35.22652529227878
457.8780000000115,3.8001018503463935,35.32541368922561
458.88700000000244,3.798148823569908,35.424233113078806
459.9140000000043,3.7947310267110588,35.52293183401814
460.9010000000126,3.7898484597698454,35.621458122223366
462.31600000000617,3.7854541495227534,35.71982922096791
463.3220000000001,3.7815480959697827,35.81806237352518
464.3220000000001,3.7781302991109333,35.91617482316858
465.31900000000314,3.7727594754755986,36.014097596804476
466.32900000001246,3.7664121384520213,36.11179620788605
467.68300000000454,3.759576544734322,36.20925341313989
468.7250000000058,3.753717464404866,36.30650369911281
469.7360000000044,3.749323154157774,36.40359879562505
470.72200000000885,3.7454171006048034,36.500555945950005
471.721000000005,3.74053453366359,36.59734066354087
473.1070000000036,3.734675453334134,36.69391846185082
474.10599999999977,3.727351602922314,36.790237611059624
475.1000000000058,3.7210042658987366,36.8863325977141
476.13600000001315,3.716121698957523,36.98225515163449
477.13700000000244,3.7122156454045525,37.07803975936759
478.4990000000107,3.709286105239824,37.17372090746024
479.50500000000466,3.7053800516868534,37.269264109365615
480.51600000000326,3.7009857414397613,37.3646521218103
481.5460000000021,3.6980562012750333,37.45993667461453
482.5610000000015,3.6965914311926693,37.55516949759853
483.6050000000105,3.694638404416184,37.65033334748889
484.6280000000115,3.6912206075573346,37.74537649446538
485.6290000000008,3.6868262973102426,37.8402644519812
486.6290000000008,3.6809672169807865,37.934945490216094
488.0100000000093,3.676084650039573,38.029454095716886
489.3130000000092,3.671690339792481,38.123807511757
490.3520000000135,3.665831259463025,38.21795400851619
491.35599999999977,3.6585074090512046,38.31184185617425
492.36200000000827,3.650207045251142,38.405436568184335
493.75700000001234,3.6423949381452005,38.49875538781987
494.76600000000326,3.635559344427502,38.591832801627675
495.7930000000051,3.630188520792167,38.68472053942797
496.81200000000536,3.6248176971568324,38.77741860122075
498.1680000000051,3.6179821034391337,38.86987525718581
499.2920000000013,3.6106582530273132,38.96207326404972
500.28399999999965,3.604799172697857,39.054064351632725
501.2870000000112,3.600404862450765,39.14590024975504
502.3100000000122,3.597475322286037,39.23763268823689
503.7250000000058,3.594545782121309,39.329261667078285
504.7490000000107,3.591616241956581,39.42078718627923
505.7350000000006,3.5877101884036104,39.51217475929289
506.74800000000687,3.584292391544761,39.60344162939268
507.7780000000057,3.5823393647682757,39.69463952639884
509.20700000000943,3.5808745946859117,39.785785693584764
510.19400000000314,3.5789215679094264,39.876862887677056
511.1860000000015,3.5750155143564557,39.96780213558207
512.1960000000108,3.5706212041093637,40.05858619402639
513.5620000000054,3.5662268938622717,40.14921506301004
514.5710000000108,3.5628090970034223,40.23972322907981
515.5880000000034,3.5593913001445725,40.33011069223571
516.6080000000075,3.554020476509238,40.42030847938411
517.5890000000072,3.5476731394856604,40.51028210397819
518.9510000000009,3.541325802462083,40.60003156601795
519.9560000000056,3.5359549788267484,40.689591352050186
520.974000000002,3.5320489252737777,40.77901319189516
521.9880000000121,3.528142871720807,40.86829708555285
523.0090000000055,3.523748561473715,40.95742578974985
524.3820000000123,3.5183777378383803,41.04636481793935
525.4030000000057,3.513495170897167,41.13513141339475
526.3910000000033,3.5105656307324384,41.2237945492097
527.4030000000057,3.5081243472618318,41.3123714686576
528.4260000000068,3.5051948070971037,41.40084492846504
529.8630000000121,3.5008004968500117,41.489163198811795
530.916000000012,3.495429673214677,41.57729179315104
531.8640000000014,3.4905471062734637,41.6652479547562
532.8600000000006,3.486641052720493,41.75306617017407
534.2360000000044,3.4841997692498863,41.840798169224904
535.25,3.4802937156969156,41.928392222088455
536.2780000000057,3.4744346353674596,42.01577935567109
537.2690000000002,3.467599041649761,42.102925083426
538.2990000000136,3.4607634479320617,42.18982940535317
539.6650000000081,3.4558808809908483,42.27656129454624
540.6850000000122,3.4514865707437563,42.36313799427863
541.69200000001,3.4456274904143003,42.4495077747301
542.7390000000014,3.4387918966966016,42.53563614935383
543.7540000000008,3.4314680462847815,42.621505874876426
545.1160000000091,3.426097222649447,42.70718592439151
546.1120000000083,3.422191169096476,42.79272802771932
547.1610000000073,3.418773372237627,42.87814942813327
548.1510000000126,3.4138908052964134,42.963398395813115
549.2030000000086,3.408031724966957,43.04844044421204
550.2580000000016,3.4016843879433796,43.13325833005665
551.3950000000041,3.3958253076139235,43.21786929662034
552.3510000000097,3.390454483978589,43.302290587176536
553.3559999999998,3.3841071469550115,43.3864877151784
554.7220000000088,3.3772715532373128,43.47044343735253
555.7820000000065,3.3694594461313714,43.5541232671521
556.7670000000071,3.3626238524136722,43.63756169112394
557.7630000000063,3.35822954216658,43.72084492563509
558.7760000000126,3.355300002001852,43.80402470050579
560.1520000000019,3.351882205143003,43.887083772462624
561.3810000000085,3.346511381507668,43.969953168411955
562.4070000000065,3.340652301178212,44.05261564508036
563.4100000000035,3.33625799093112,44.13512293228809
564.4100000000035,3.3338167074605134,44.217544003128765
565.7770000000019,3.3308871672957854,44.29986161432898
566.7800000000134,3.326004600354572,44.3820067927951
567.7920000000013,3.320145520025116,44.4639450519803
568.8520000000135,3.31428643969566,44.5456763918846
570.2750000000087,3.309403872754446,44.62723529905479
571.4170000000013,3.304521305813233,44.7086217734909
572.3990000000049,3.2986622254837767,44.78980132864608
573.4180000000051,3.2913383750719567,44.870722234700125
574.4100000000035,3.2840145246601367,44.95138449165303
575.8410000000003,3.2776671876365593,45.0318225860516
576.8450000000012,3.2737611340835886,45.11212273426289
577.8330000000133,3.2703433372247392,45.19230217956032
578.8300000000017,3.2664372836717686,45.272343678670474
579.8450000000012,3.260578203342312,45.35217825849971
581.2090000000026,3.2542308663187347,45.43178867577462
582.2980000000098,3.2483717859892787,45.51119217376862
583.2850000000035,3.244465732436308,45.590457725575334
584.2690000000002,3.2425127056598226,45.66965430428842
585.2820000000065,3.2395831654950946,45.748747423361046
586.6600000000035,3.2351888552480026,45.827685352972985
587.6550000000134,3.2307945450009106,45.90646809312424
588.6560000000027,3.227376748142061,45.985130130361625
589.6960000000108,3.225423721365576,46.06372319450537
591.0850000000064,3.223958951283212,46.14226452882889
592.0890000000072,3.221029411118484,46.22070240351195
593.0880000000034,3.216635100871392,46.29898508873433
594.1040000000066,3.211752533930178,46.3770953412226
595.1350000000093,3.207358223683086,46.45505040425019
596.5760000000009,3.2039404268242366,46.532884764363914
597.5869999999995,3.1995461165771446,46.610563935016955
598.5760000000009,3.1936870362476886,46.68803618638908
599.5980000000127,3.18685144252999,46.76526703193347
600.6170000000129,3.180015848812291,46.84225647165012
601.9850000000006,3.1746450251769565,46.91905623535927
603.0270000000019,3.171227228318107,46.99573529615456
604.0240000000049,3.1673211747651364,47.07227641076256
605.0140000000101,3.16146209443568,47.148610606089655
606.3880000000063,3.1560912708003452,47.22475512540924
607.3860000000132,3.152673473941496,47.300778941814954
608.416000000012,3.1507204471650105,47.37673378512704
609.4360000000015,3.1492556770826465,47.452636898618884
610.448000000004,3.145837880223797,47.52841930919687
611.8070000000007,3.140955313282584,47.60402928704075
613.0830000000133,3.1360727463413705,47.67946683215055
614.0820000000094,3.1316784360942784,47.75474918779965
615.0810000000056,3.1292371526236717,47.82994532708171
616.5050000000047,3.1272841258471864,47.90507249327013
617.5780000000086,3.1248428423765797,47.9801134430915
618.541000000012,3.1214250455177304,48.05503368999901
619.5360000000073,3.118007248658881,48.12983323399264
620.5400000000081,3.116542478576517,48.20458104816605
621.9170000000013,3.1160542218823957,48.27931161906604
622.9340000000084,3.11410119510591,48.353973216872404
623.9100000000035,3.110195141552939,48.42849686849149
624.9120000000112,3.105800831305847,48.50286533064989
625.9570000000094,3.100918264364634,48.5770613600742
627.3210000000108,3.0965239541175418,48.651102200037805
628.31700000001,3.0921296438704498,48.724987850540735
629.3590000000113,3.086758820235115,48.79868382503616
630.3850000000093,3.0799232265174163,48.87213839370385
631.3500000000058,3.072111119411475,48.94531706999698
632.7090000000026,3.0652755256937763,49.01825434046239
633.7119999999995,3.060881215446684,49.0910364214671
634.7450000000099,3.056975161893713,49.16368055628454
635.7870000000112,3.0516043382583784,49.236135015094476
637.195000000007,3.0447687445406797,49.30834806807667
638.2360000000044,3.0374448941288597,49.38030247195772
639.2290000000066,3.0310975571052823,49.45203271328445
640.2190000000119,3.026214990164069,49.52359052187709
641.2170000000042,3.0227971933052196,49.59502762755585
642.6380000000063,3.018891139752249,49.666326787047346
643.6510000000126,3.0135203161169137,49.737436270531326
644.6260000000038,3.0086377491757004,49.808373321281216
645.6360000000132,3.005219952316851,49.87918966911724
646.6650000000081,3.0032669255403657,49.94993704385962
648.044000000009,3.0013138987638803,50.02061544550837
649.0690000000031,2.997896101905031,50.09117314424324
650.0900000000111,2.9930135349638176,50.161558410244034
651.0820000000094,2.9871544546343616,50.2317367569639
652.1230000000069,2.983248401081391,50.30177715749649
653.4860000000044,2.980318860916663,50.37171409838862
654.5090000000055,2.9769010640578135,50.44153033636689
655.5210000000079,2.971530240422479,50.511156898337646
656.5610000000015,2.966159416787144,50.5805937843009
657.945000000007,2.960788593151809,50.64984099425665
658.9570000000094,2.9573707962929596,50.71896750129853
659.9530000000086,2.9554177695164743,50.788025035246775
660.9820000000036,2.9524882293517463,50.856979109554565
661.9880000000121,2.947605662410533,50.92576075112825
663.4150000000081,2.942234838775198,50.99435271669444
664.4460000000108,2.938817041916349,51.06282397934676
665.439000000013,2.936375758445742,51.131209025632025
666.4429999999993,2.9339344749751355,51.19950785555025
667.4470000000001,2.9295401647280435,51.26765149600779
668.8070000000007,2.9241693410927088,51.33560546045781
669.8630000000121,2.918798517457374,51.40336974890034
670.8350000000064,2.914892463904403,51.470996091155584
671.8420000000042,2.9129394371279176,51.538553460317196
673.198000000004,2.9109864103514322,51.60604185638517
674.291000000012,2.9085451268808256,51.673444036086096
675.2800000000134,2.905127330021976,51.74072551287315
676.3060000000114,2.902197789857248,51.80790353001975
677.3300000000017,2.900244763080763,51.87501257407271
678.7100000000064,2.89926824969252,51.942087131578845
679.7050000000017,2.8982917363042775,52.00912720253817
680.7030000000086,2.894873939445428,52.07604657058363
681.7140000000072,2.8909678858924575,52.1428279924418
682.7580000000016,2.8880383457277294,52.20950595465953
683.8050000000076,2.8865735756453654,52.276132187057016
684.8350000000064,2.886085318951244,52.3427411761811
685.8260000000009,2.8841322921747587,52.409281192211544
686.8670000000129,2.8807144953159094,52.47570050532812
688.2320000000036,2.8763201850688174,52.54196462898401
689.2860000000073,2.8719258748217253,52.608073563179225
690.2970000000059,2.8694845913511187,52.67409628100738
691.2950000000128,2.8680198212687547,52.7400672690153
692.2960000000021,2.8665550511863906,52.805986527203
693.6560000000027,2.863137254327541,52.87178508247683
694.666000000012,2.85923120077457,52.93744569156338
695.718000000008,2.856301660609842,53.00300284100948
696.7160000000003,2.8553251472215995,53.068525503908766
697.6900000000023,2.8538603771392355,53.133996436987815
699.0510000000068,2.8509308369745074,53.199363910426406
700.0830000000133,2.8470247834215368,53.264593437677725
701.0750000000116,2.8421422164803234,53.32965053219494
702.0770000000048,2.838724419621474,53.39458692379829
703.1200000000099,2.8367713928449887,53.45945434230801
704.494000000006,2.8353066227626247,53.52427003099749
705.494000000006,2.8333535959861393,53.58901674659334
706.5040000000008,2.8309123125155327,53.65367724582214
707.5190000000002,2.8289592857390473,53.7182687719573
708.9210000000021,2.8279827723508046,53.78282581154564
709.9590000000026,2.8279827723508046,53.84738285113398
710.9400000000023,2.827006258962562,53.9119054041755
711.948000000004,2.8235884621037126,53.97630725430316
712.9720000000088,2.819682408550742,54.04057115824354
714.3570000000036,2.81528809830365,54.10467987272323
715.3860000000132,2.8118703014448,54.16866788428905
716.4100000000035,2.807475991197708,54.2325007063942
717.4030000000057,2.801616910868252,54.29612660921841
718.3940000000002,2.7952695738446747,54.35952834948831
719.7550000000047,2.78989875020934,54.4227404137507
720.7690000000002,2.7859926966563693,54.48581453182582
721.7820000000065,2.784039669879884,54.548819676807305
722.7870000000112,2.7820866431033986,54.61175584869515
723.7970000000059,2.778180589550428,54.67455407439571
725.1610000000073,2.7732980226092145,54.73717986736217
726.2020000000048,2.768415455668001,54.79963322759454
727.1960000000108,2.76450940211503,54.861948641639636
728.2040000000125,2.7625563753385447,54.92419508259109
729.2410000000091,2.7610916052561807,54.98638979372231
730.3260000000009,2.7581620650914527,55.04848104521309
731.3610000000044,2.7537677548443606,55.110417107243165
732.314000000013,2.7488851879031473,55.172180736539154
733.3220000000001,2.7449791343501766,55.23380641964786
734.343000000008,2.74253785087957,55.295345886389526
735.7290000000066,2.7400965674089632,55.356799136764145
736.747000000003,2.737167027244235,55.4181489274983
737.724000000002,2.732772716997143,55.47934352877177
738.744000000006,2.7288666634441725,55.54040018385797
740.1110000000044,2.726425379973566,55.601370622577114
741.122000000003,2.724960609891202,55.66228933147603
742.1170000000129,2.723495839808838,55.72315631055472
743.1710000000021,2.72056629964411,55.783919829992946
744.5420000000013,2.7171485027852604,55.84456264651732
745.5480000000098,2.7151954760087746,55.90513648994804
746.6010000000097,2.7151954760087746,55.965710333378766
747.6280000000115,2.7147072193146533,56.02626693353608
748.622000000003,2.712754192538168,56.08675456059976
750.0480000000098,2.7093363956793186,56.14712148474957
751.06700000001,2.7059185988204693,56.20736770598551
752.0720000000001,2.7029890586557412,56.267510467581
753.0750000000116,2.7015242885733772,56.32760149935626
754.0720000000001,2.701036031879256,56.38767528785811
755.4290000000037,2.699571261796892,56.44769734653973
756.6870000000054,2.6976182350204065,56.50765043212771
757.7010000000009,2.6961534649380425,56.567551787895454
758.6820000000007,2.6961534649380425,56.6274531436632
759.6790000000037,2.697129978326285,56.687388985977776
761.0520000000106,2.697129978326285,56.74732482829235
762.0660000000062,2.6951769515498,56.80719169751328
763.0940000000119,2.692247411385072,56.86695510709375
764.0620000000054,2.689317871220344,56.92661505703377
765.0920000000042,2.688341357832101,56.98624052042697
766.4550000000017,2.6873648444438585,57.045831497273355
767.4650000000111,2.684923560973252,57.10533625775268
768.4660000000003,2.681017507420281,57.16470307204473
769.5210000000079,2.6775997105614318,57.223949183422924
770.5149999999994,2.675158427090825,57.283109078434066
771.8880000000063,2.6746701703967037,57.34225173017179
772.8870000000024,2.6732054003143397,57.40134265208929
773.9150000000081,2.670764116843733,57.46034735763975
774.916000000012,2.6668580632907624,57.519214117002925
776.346000000005,2.6629520097377912,57.57794293017883
777.4610000000102,2.659534212878942,57.63655104044086
778.4540000000125,2.6561164160200925,57.69503844778903
779.4440000000031,2.651233849078879,57.75335342240309
780.4470000000001,2.6443982553611804,57.811426991189435
781.8190000000031,2.636586148255239,57.869224667601216
783.0200000000041,2.6302388112316617,57.92679818145868
784.023000000001,2.6258445009845697,57.98421650585544
784.9990000000107,2.621938447431599,58.041496884064934
786.3550000000105,2.6185206505727496,58.09865655936056
787.4040000000095,2.615591110408021,58.155712775015736
788.3920000000071,2.614126340325657,58.21271726085068
789.4250000000029,2.6131498269374145,58.2696872601388
790.4350000000122,2.613638083631536,58.32667450270034
791.8420000000042,2.6146145970197785,58.383696231808685
792.8240000000078,2.614126340325657,58.44070071764363
793.8410000000003,2.612661570243293,58.497653473658346
794.8380000000034,2.611196800160929,58.554554499852834
795.8990000000049,2.611196800160929,58.61145552604731
796.9830000000075,2.612661570243293,58.668408282062025
798.1070000000036,2.612661570243293,58.72536103807675
799.0910000000003,2.610708543466808,58.78224482099782
800.1310000000085,2.6072907466079585,58.83900790100502
801.4860000000044,2.603872949749109,58.89565027809836
802.5380000000005,2.6004551528902597,58.95217195227783
803.5420000000013,2.596549099337289,59.00855568027002
804.5390000000043,2.5911782757019544,59.06474973225471
805.5380000000005,2.5843426819842557,59.12070237841167
806.8899999999994,2.5779953449606783,59.17643086201431
808.1100000000006,2.573112778019465,59.231986912882846
809.1560000000027,2.570183237854737,59.28743950411092
810.1490000000049,2.567253697690009,59.34278863569854
811.1330000000016,2.562371130748795,59.397965334552076
812.4910000000091,2.5570003071134604,59.45295235739808
813.5190000000002,2.5526059968663684,59.50778419078342
814.5080000000016,2.5496764567016403,59.56251256452829
815.5170000000071,2.547723429925155,59.617171965179516
816.5570000000007,2.5438173763721843,59.67169341964349
817.9530000000086,2.538934809430971,59.72604244137335
818.9510000000009,2.5335639857956362,59.78020178709571
819.9650000000111,2.5296579322426656,59.83422318663079
820.9860000000044,2.527216648772059,59.88815836979882
822.3890000000101,2.525751878689695,59.942041823146624
823.3840000000055,2.522822338524967,59.99582181685397
824.3740000000107,2.518428028277875,60.04944662110063
825.3559999999998,2.5140337180307823,60.10291623588661
826.3960000000079,2.5096394077836903,60.1562306612119
827.7600000000093,2.507686381007205,60.20947611344355
828.7530000000115,2.506221610924841,60.26266983585497
829.8220000000001,2.5028038140659916,60.31574285535252
830.8210000000108,2.498897760513021,60.368677928662784
831.8190000000031,2.4954799636541716,60.421492299059196
833.1810000000114,2.4935269368776862,60.47423769636197
834.1779999999999,2.493038680183565,60.526965850391335
835.2090000000026,2.491573910101201,60.57964227460046
836.221000000005,2.489132626630594,60.632232482442554
837.2190000000119,2.4852265730776235,60.68468474409735
838.5760000000009,2.48034400613641,60.73696457301807
839.5900000000111,2.475949695889318,60.7890892124781
840.6100000000006,2.471555385642226,60.84105866247744
841.6110000000044,2.4656963053127696,60.89282119319586
842.6440000000002,2.4583724549009496,60.944325074813136
843.7300000000105,2.451536861183251,60.995587550602686
844.7649999999994,2.446166037547916,61.04666035038473
845.7380000000121,2.443236497383188,61.09762969052631
846.75,2.4407952139125815,61.14851281430085
848.1240000000107,2.436889160359611,61.19925799188811
849.419000000009,2.4324948501125188,61.24984798001469
850.416000000012,2.4295653099477907,61.30033450850081
851.3930000000109,2.428588796559548,61.35078655044012
852.439000000013,2.4295653099477907,61.40127307892624
853.8080000000045,2.4310300800301547,61.451811337232584
854.8090000000084,2.4310300800301547,61.50234959553892
855.8630000000121,2.430053566641912,61.55285336729845
856.8970000000118,2.430053566641912,61.60335713905797
858.2780000000057,2.4310300800301547,61.653895397364316
859.343000000008,2.4324948501125188,61.7044853854909
860.3580000000075,2.43298310680664,61.75509261689087
861.3710000000137,2.4310300800301547,61.80563087519721
862.3780000000115,2.4276122831713054,61.85604843058969
863.7990000000136,2.4246827430065774,61.90636252634171
864.8500000000058,2.422729716230092,61.9566076490001
865.8420000000042,2.4202884327594854,62.00676655529143
866.8290000000125,2.4154058658182715,62.05675302884867
867.8590000000113,2.4095467854888155,62.10653258312499
869.2540000000008,2.404175961853481,62.15612246139381
870.2700000000041,2.40026990830051,62.205574393475345
871.2380000000121,2.398316881524025,62.25495735246326
872.2520000000077,2.395875598053418,62.304254095084104
873.6090000000113,2.391481287806326,62.35339564824427
874.6300000000047,2.3865987208651127,62.40236476867034
875.6520000000019,2.3836691807003847,62.45123042945596
876.669000000009,2.3817161539238993,62.50002711714794
877.6500000000087,2.3802513838415353,62.548772075019684
879.0300000000134,2.376833586982686,62.597396329977556
880.0620000000054,2.3719510200414726,62.64584815220134
881.0590000000084,2.3665801964061375,62.69411029841762
882.0860000000102,2.3621858861590455,62.742217255173216
883.1090000000113,2.3597446026884388,62.79023799556177
884.4800000000105,2.357303319217832,62.83817251958325
885.5090000000055,2.354373779053104,62.886003583964296
886.4800000000105,2.3490029554177694,62.93364497233782
887.5130000000063,2.3431438750883133,62.981079441430445
888.5180000000109,2.3382613081471,63.02834147778898
889.9790000000066,2.333866997900008,63.07544832468681
890.9980000000069,2.3284961742646733,63.12236549557715
892.0040000000008,2.321172323852853,63.169024017366326
893.0020000000077,2.3133602167469114,63.21540664678097
894.0040000000008,2.307012879723334,63.261565113641275
895.3899999999994,2.3031068261703633,63.307585634314314
896.4080000000104,2.3001772860056353,63.35350269534689
897.4230000000098,2.296759489146786,63.39929905346558
898.398000000001,2.29090040881733,63.44488849230338
899.7540000000008,2.285041328487874,63.49027101186026
900.8330000000133,2.280647018240782,63.53549834195644
901.8290000000125,2.277717478076054,63.58062221241218
902.8510000000097,2.273811424523083,63.62560813668065
903.8610000000044,2.267952344193627,63.670387141668186
905.2380000000121,2.261116750475928,63.714924740827996
906.2610000000132,2.2547694134523506,63.759238177433474
907.2460000000137,2.2513516165935012,63.8034309111251
908.2580000000016,2.249398589817016,63.84755467172307
909.3220000000001,2.2459807929581665,63.89155772940718
910.3950000000041,2.241098226016953,63.93538835435719
911.4900000000052,2.23621565907574,63.97904654657311
912.4630000000034,2.233774375605133,64.02261852242198
913.474000000002,2.234750888993376,64.06622498481767
914.4790000000066,2.236703915769861,64.10990042030699
915.8899999999994,2.2386569425463465,64.15364482888995
916.8880000000063,2.239633455934589,64.19742372401974
917.8840000000055,2.241098226016953,64.24125434896975
918.9000000000087,2.244027766181681,64.28518843356021
919.9150000000081,2.2474455630405306,64.32924322106456
921.2770000000019,2.2498868465111372,64.37338422493595
922.3020000000106,2.2498868465111372,64.41752522880734
923.3369999999995,2.247933819734652,64.46159725958509
924.3110000000015,2.2459807929581665,64.5056003172692
925.3290000000125,2.245492536264045,64.5495861316799
926.7150000000111,2.2459807929581665,64.59358918936401
927.698000000004,2.2445160228758025,64.63754051722789
928.7110000000102,2.2415864827110745,64.68138838545133
929.7380000000121,2.2386569425463465,64.72513279403428
930.794000000009,2.236703915769861,64.76880822952361
931.81700000001,2.236703915769861,64.81248366501293
932.8340000000026,2.2357274023816185,64.85612461395546
933.8369999999995,2.2327978622168905,64.8996621032575
934.8810000000085,2.2284035519697984,64.94304440309885
936.31700000001,2.2230327283344637,64.98623702693271
937.3100000000122,2.2196149314756144,65.02930894785271
938.2930000000051,2.217661904699129,65.07231189567906
939.3220000000001,2.2157088779226433,65.11524587041178
940.323000000004,2.2118028243696726,65.15804189895722
941.695000000007,2.204967230651974,65.20059652167492
942.7280000000028,2.197643380240154,65.2428924952915
943.7600000000093,2.192272556604819,65.28499879290055
944.744000000006,2.187878246357727,65.32694990104892
945.7410000000091,2.1815309093341497,65.36867684664296
947.1150000000052,2.1737188022282083,65.41012789986246
948.1290000000008,2.165418438428145,65.45128581743398
949.1230000000069,2.159071101404568,65.4922195724512
950.1490000000049,2.154676791157476,65.5329981380077
951.1350000000093,2.1512589942986264,65.57365600065036
952.5170000000071,2.147841197439777,65.61419316037914
953.5400000000081,2.1444234005809277,65.65460961719407
954.5430000000051,2.1400290903338357,65.69487088454828
955.5490000000136,2.1336817533102583,65.73490798934819
956.6090000000113,2.125869646204317,65.77466920177355
957.9820000000036,2.1170810257101325,65.81412003527753
958.9809999999998,2.1073158918277057,65.85322600331331
960.0030000000115,2.0970625012511577,65.89196986260751
961.0310000000027,2.0882738807569736,65.93040334298031
962.0350000000035,2.0819265437333963,65.9686126607988
963.4590000000026,2.077043976792183,66.00664954588319
964.4910000000091,2.0692318696862415,66.04441053859303
965.4900000000052,2.0594667358038143,66.08182666583468
966.4920000000129,2.0492133452272663,66.11888068433474
967.5149999999994,2.0404247247330822,66.1556243239134
968.8790000000008,2.0335891310153835,66.19212655766434
969.9530000000086,2.026753537297685,66.22838738558755
970.9279999999999,2.018453173497622,66.26435507786277
971.9260000000068,2.0096645530034376,66.30001239121665
972.939000000013,2.0023407025916176,66.3354110554694
974.314000000013,1.9969698789562829,66.37062004371461
975.3220000000001,1.9940403387915548,66.40572557231937
976.3550000000105,1.9911107986268268,66.44072764128369
977.3590000000113,1.9862282316856135,66.4755572775139
978.3600000000006,1.9808574080502788,66.51019723773659
979.7280000000028,1.9774396111914292,66.54471649504544
980.7380000000121,1.9759748411090652,66.57918402253404
981.7360000000044,1.9749983277208225,66.61361706347581
982.794000000009,1.9715805308619732,66.64792940150375
983.7990000000136,1.9681627340031238,66.68212103661779
985.1680000000051,1.9652331938383958,66.7162092120914
986.1770000000106,1.9647449371442745,66.7502801442916
987.2000000000116,1.9662097072266385,66.784402806312
988.2100000000064,1.9671862206148811,66.81855995487925
989.6270000000077,1.9671862206148811,66.85271710344648
990.622000000003,1.9671862206148811,66.88687425201371
991.6240000000107,1.9681627340031238,66.92106588712777
992.6270000000077,1.9710922741678518,66.9553609818823
993.6260000000038,1.9735335576384585,66.98974229300384
994.9830000000075,1.9735335576384585,67.0241236041254
996.070000000007,1.9720687875560945,67.05845318542674
997.0510000000068,1.9706040174737305,67.09273103690784
998.0250000000087,1.9701157607796091,67.12699164511554
999.0430000000051,1.9710922741678518,67.16128673987005
1000.4200000000128,1.9720687875560945,67.1956163211714
1001.4100000000035,1.9710922741678518,67.2299114159259
1002.416000000012,1.9686509906972451,67.26412029431337
1003.448000000004,1.9662097072266385,67.29824295633378
1004.4490000000078,1.9647449371442745,67.33231388853397
1005.8130000000092,1.9647449371442745,67.36638482073417
1006.8150000000023,1.9652331938383958,67.40047299620777
1007.8410000000003,1.9642566804501531,67.43452668513454
1008.8810000000085,1.9632801670619104,67.4685458875145
1009.8770000000077,1.9623036536736678,67.50253060334764
1010.919000000009,1.9632801670619104,67.5365498057276
1011.9550000000017,1.9647449371442745,67.57062073792778
1012.9510000000009,1.9647449371442745,67.60469167012798
1013.9520000000048,1.9637684237560318,67.63872811578136
1014.9650000000111,1.9618153969795464,67.67269558834109
1016.3920000000071,1.9608388835913038,67.70662857435399
1017.4050000000134,1.961327140285425,67.7405788036403
1018.3820000000123,1.962791910367789,67.77458076274687
1019.3860000000132,1.962791910367789,67.80858272185341
1020.7460000000137,1.9603506268971824,67.84249846459292
1021.7870000000112,1.9574210867324544,67.87631074769196
1022.8020000000106,1.9564445733442117,67.91008854424419
1023.823000000004,1.9564445733442117,67.94386634079643
1024.8090000000084,1.9554680599559688,67.97760965080184
1026.1820000000007,1.9535150331794835,68.0112839877136
1027.2250000000058,1.9505854930147555,68.04485486498491
1028.242000000013,1.9481442095441488,68.07833952588918
1029.2720000000118,1.9476559528500275,68.11180694352004
1030.2880000000005,1.9486324662382701,68.1453088476977
1031.6960000000108,1.9500972363206341,68.1788624816956
1032.6670000000013,1.9515620064029982,68.21246784551373
1033.6610000000073,1.9530267764853622,68.24612493915208
1034.6970000000001,1.9559563166500904,68.27988549243089
1035.6880000000092,1.959862370203061,68.31378399189698
1037.1120000000083,1.962791910367789,68.34778595100353
1038.166000000012,1.9637684237560318,68.38182239665691
1039.1650000000081,1.9637684237560318,68.41585884231029
1040.1650000000081,1.9632801670619104,68.44987804469024
1041.1770000000106,1.9642566804501531,68.48393173361701
1042.550000000003,1.9652331938383958,68.51801990909061
1043.5820000000094,1.9637684237560318,68.55205635474398
1044.5580000000045,1.959862370203061,68.58595485421009
1045.5540000000037,1.9554680599559688,68.61969816421548
1046.5690000000031,1.9510737497088768,68.6532862847602
1047.9460000000108,1.9476559528500275,68.68675370239104
1048.9279999999999,1.9452146693794208,68.72013490365487
1049.9580000000133,1.9417968725205714,68.7533954020048
1050.9640000000072,1.936914305579358,68.78648346762063
1051.9640000000072,1.932519995332266,68.81941634377579
1053.3250000000116,1.9291021984734165,68.85222851701708
1054.3280000000086,1.9276374283910525,68.88498896043814
1055.3500000000058,1.925684401614567,68.91768043076556
1056.4150000000081,1.9232431181439604,68.95028568472594
1057.4150000000081,1.9188488078968684,68.98273574922561
1058.773000000001,1.9149427543438977,69.01504786753803
1059.7750000000087,1.9115249574850484,69.04723928293657
1060.7930000000051,1.9090836740144417,69.07934448196806
1061.7950000000128,1.905665877155592,69.1113289780857
1062.8350000000064,1.9007833102143787,69.14314104146922
1064.2230000000127,1.8963889999672867,69.17479791539206
1065.2800000000134,1.8934594598025587,69.20635132967445
1066.2560000000085,1.8919946897201947,69.23785301413662
1067.2660000000033,1.8919946897201947,69.26935469859879
1068.294000000009,1.8900416629437093,69.30078740996731
1069.7230000000127,1.8876003794731027,69.33213390496877
1070.7330000000075,1.8861356093907387,69.36342867015003
1071.7030000000086,1.88662386608486,69.39474067860466
1072.7140000000072,1.8876003794731027,69.42608717360613
1073.7430000000022,1.88662386608486,69.45739918206078
1075.1070000000036,1.8841825826142533,69.4886249741484
1076.1350000000093,1.8807647857554037,69.51973006332214
1077.1340000000055,1.878323502284797,69.55074893612881
1078.1310000000085,1.8778352455906757,69.5817505656621
1079.1520000000019,1.878323502284797,69.61276943846877
1080.5100000000093,1.8778352455906757,69.64377106800207
1081.5190000000002,1.8763704755083117,69.67472096771513
1082.5790000000125,1.8749057054259477,69.70561913760794
1083.5800000000017,1.873929192037705,69.73648282095394
1084.5490000000136,1.8749057054259477,69.76738099084676
1085.9060000000027,1.8763704755083117,69.79833089055982
1086.9270000000106,1.876858732202433,69.82929803354628
1087.9290000000037,1.8758822188141904,69.86023068998593
1088.9370000000054,1.875393962120069,69.89114610315215
1090.3910000000033,1.8763704755083117,69.92209600286522
1091.4490000000078,1.8788117589789184,69.95313211894532
1092.4100000000035,1.8802765290612824,69.98421996484564
1093.4170000000013,1.8793000156730397,70.01527332419914
1094.4270000000106,1.876858732202433,70.0462404671856
1095.8280000000086,1.8749057054259477,70.07713863707843
1096.8470000000088,1.8734409353435837,70.10798507715103
1097.8160000000062,1.8714879085670983,70.13876254412999
1098.826000000001,1.8675818550141277,70.16940206492166
1099.8559999999998,1.862211031378793,70.19985190970584
1101.2260000000097,1.8568402077434583,70.2301120784825
1102.238000000012,1.8534224108846087,70.2602515443453
1103.2510000000038,1.8519576408022447,70.29033928038787
1104.2880000000005,1.8500046140257593,70.32035804333681
1105.2640000000101,1.8460985604727886,70.35023886009847
1106.6230000000069,1.8412159935315753,70.37994724412601
1107.642000000007,1.836333426590362,70.40948319541948
1108.6730000000098,1.833403886425634,70.4389156870725
1109.718000000008,1.8324273730373912,70.46831369217868
1110.7290000000066,1.8299860895667843,70.49762548091782
1112.1100000000006,1.8260800360138136,70.52679932346967
1113.1520000000019,1.8216857257667216,70.55581797656086
1114.1470000000118,1.8182679289078723,70.58471592673818
1115.1410000000033,1.8168031588255082,70.61356214709525
1116.1830000000045,1.8158266454372656,70.64237388090551
1117.2720000000118,1.8124088485784162,70.6710649118019
1118.291000000012,1.8070380249430815,70.69956626669081
1119.268000000011,1.8016672013077466,70.72787794557219
1120.2780000000057,1.7972728910606546,70.75603443499288
1121.6630000000005,1.7958081209782906,70.78413919459335
1122.6740000000136,1.7938550942018052,70.81217498110018
1123.6990000000078,1.7904372973429559,70.84009006469314
1124.6790000000037,1.7865312437899852,70.86786720209884
1126.0570000000007,1.7836017036252572,70.89554087986406
1127.047000000006,1.7831134469311358,70.92319731435587
1128.0480000000098,1.7836017036252572,70.95087099212111
1129.0600000000122,1.7826251902370145,70.97851018333951
1130.1440000000002,1.7796956500722863,71.00604591491746
1131.523000000001,1.776277853213437,71.03346094358155
1132.5320000000065,1.7733483130487089,71.06077251260518
1133.544000000009,1.7738365697428302,71.08810132490223
1134.5650000000023,1.7757895965193156,71.1154991102929
1135.5550000000076,1.7772543666016796,71.14294862550379
1136.9820000000036,1.7748130831310729,71.17031192434766
1137.9980000000069,1.7709070295781022,71.19753727700423
1139.0040000000008,1.7689540028016169,71.22469365656718
1140.0100000000093,1.7689540028016169,71.25185003613012
1141.0260000000126,1.7674892327192528,71.27895468587283
1142.396000000008,1.7645596925545248,71.30595587597509
1143.5130000000063,1.7606536390015541,71.33281911989006
1144.5290000000095,1.7577240988368261,71.35957890416458
1145.5080000000016,1.7567475854485834,71.38630420189227
1146.497000000003,1.7572358421427048,71.41304674289339
1147.872000000003,1.7582123555309475,71.43982377044132
1148.8580000000075,1.7596771256133115,71.46665252780947
1149.8899999999994,1.7611418956956755,71.49353301499788
1150.8870000000024,1.7640714358604035,71.5205169618267
1152.2880000000005,1.7684657461074955,71.54765609811625
1153.5310000000027,1.7718835429663449,71.57491593731964
1154.5220000000118,1.7733483130487089,71.60222750634327
1155.5250000000087,1.7733483130487089,71.62953907536689
1156.5869999999995,1.7738365697428302,71.65686788766394
1157.6310000000085,1.7757895965193156,71.68426567305461
1158.666000000012,1.7787191366840436,71.71176691808576
1159.6589999999997,1.7816486768487718,71.73937162275733
1160.6860000000015,1.7831134469311358,71.76702805724916
1162.0550000000076,1.7845782170134998,71.79473622156121
1163.1000000000058,1.7865312437899852,71.82251335896689
1164.1059999999998,1.7894607839547132,71.85039395601304
1165.1120000000083,1.7919020674253199,71.87836076942622
1166.1020000000135,1.7923903241194412,71.90634482611283
1167.4690000000119,1.7914138107311985,71.93429439625261
1168.4730000000127,1.7904372973429559,71.96220947984558
1169.5420000000013,1.7904372973429559,71.99012456343854
1170.5310000000027,1.7914138107311985,72.01807413357832
1171.919000000009,1.7914138107311985,72.04602370371812
1172.9150000000081,1.7894607839547132,72.07390430076426
1173.951000000001,1.7870195004841065,72.10169868144337
1174.9400000000023,1.7855547304017425,72.12944133230224
1175.9360000000015,1.7850664737076212,72.1571667398877
1177.3650000000052,1.7845782170134998,72.18487490419975
1178.4270000000106,1.7826251902370145,72.21251409541814
1179.4010000000126,1.7796956500722863,72.24004982699611
1180.4140000000043,1.7757895965193156,72.26744761238679
1181.4170000000013,1.7728600563545875,72.29474193813701
1182.8350000000064,1.7718835429663449,72.3220017773404
1183.9630000000034,1.7709070295781022,72.34922712999698
1184.9410000000062,1.7684657461074955,72.37636626628652
1185.9410000000062,1.7650479492486462,72.40338469966218
1186.9770000000135,1.7621184090839181,72.43029967339739
1188.3420000000042,1.7596771256133115,72.45712843076554
1189.3810000000085,1.7582123555309475,72.48390545831349
1190.3880000000063,1.7557710720603406,72.51059626949437
1191.421000000002,1.7523532752014912,72.53716637776138
1192.416000000012,1.7474707082602778,72.56356405329431
1193.7870000000112,1.7430763980131858,72.58980653936653
1194.8369999999995,1.7391703444602151,72.6159110792515
1195.8550000000105,1.734776034213123,72.64186042967576
1196.8680000000022,1.7298934672719095,72.66763734736595
1197.8530000000028,1.7245226436365748,72.69322458904861
1199.2110000000102,1.7196400766953615,72.71863939799718
1200.2390000000014,1.7157340231423908,72.74391626075848
1201.2290000000066,1.7142692530600268,72.76914139369956
1202.2430000000022,1.7128044829776627,72.7943147968204
1203.273000000001,1.710363199507056,72.81940198357418
1204.6520000000019,1.707433659342328,72.84438571068752
1205.6630000000005,1.7049923758717211,72.86928322143382
1206.6470000000118,1.7040158624834785,72.8941462456333
1207.6680000000051,1.7045041191775998,72.91902651310616
1208.7100000000064,1.7049923758717211,72.94392402385245
1210.142000000007,1.7059688892599638,72.96885602114556
1211.1630000000005,1.7059688892599638,72.99378801843866
1212.148000000001,1.7069454026482067,73.0187545022786
1213.172000000006,1.7098749428129347,73.04382444575897
1214.1610000000073,1.7128044829776627,73.06899784887982
1215.5290000000095,1.7152457664482694,73.0942574683677
1216.573000000004,1.7152457664482694,73.1195170878556
1217.590000000011,1.7152457664482694,73.14477670734348
1218.56700000001,1.7157340231423908,73.1700535701048
1219.5820000000094,1.717687049918876,73.19539940595973
1220.9429999999993,1.7206165900836041,73.22084870145513
1221.9600000000064,1.7215931034718468,73.24633248349734
1222.9830000000075,1.7215931034718468,73.27181626553956
1223.991000000009,1.7220813601659681,73.29731729085518
1225.349000000002,1.7245226436365748,73.32290453253785
1226.3810000000085,1.7279404404954242,73.34861247713438
1227.37000000001,1.7308699806601522,73.37442388137138
1228.395000000004,1.731846494048395,73.40026977215518
1229.422000000006,1.7313582373542735,73.42609841966558
1230.8580000000075,1.7303817239660308,73.45189258062916
1231.9140000000043,1.7298934672719095,73.47766949831936
1232.8580000000075,1.7289169538836668,73.5034119294627
1233.8600000000006,1.7254991570248175,73.5290336576922
1234.8820000000123,1.7211048467777255,73.55450019646099
1236.294000000009,1.7171987932247548,73.57982878904252
1237.271000000008,1.714757509754148,73.605071165257
1238.2530000000115,1.714757509754148,73.63031354147147
1239.2820000000065,1.7137809963659054,73.65552143113912
1240.273000000001,1.7108514562011774,73.68062586116632
1241.6340000000055,1.7079219160364494,73.70562683155305
1242.6330000000016,1.7084101727305707,73.73064504521321
1243.6880000000092,1.71182796958942,73.75578396178723
1244.6680000000051,1.716222279836512,73.78107806782194
1245.6810000000114,1.7186635633071188,73.80645839022368
1247.0390000000043,1.7186635633071188,73.83183871262544
1248.0550000000076,1.717687049918876,73.85718454848039
1249.044000000009,1.7181753066129974,73.88254762760872
1250.064000000013,1.7201283333894828,73.9079796798307
1251.073000000004,1.7220813601659681,73.93348070514632
1252.4490000000078,1.7211048467777255,73.95894724391512
1253.4400000000023,1.7186635633071188,73.98432756631688
1254.4550000000017,1.7152457664482694,74.00958718580478
1255.4570000000094,1.713292739671784,74.03477783219903
1256.5450000000128,1.713292739671784,74.05996847859328
1257.5970000000088,1.7128044829776627,74.08514188171411
1258.6570000000065,1.7108514562011774,74.1102463117413
1259.6370000000024,1.7069454026482067,74.13521279558124
1260.6860000000015,1.7030393490952358,74.16004133323389
1261.675000000003,1.7001098089305078,74.18476641124609
1263.1010000000097,1.6981567821540224,74.20942251616462
1264.0980000000127,1.6952272419892944,74.23397516144273
1265.0860000000102,1.6898564183539597,74.25833813071331
1266.1090000000113,1.684485594718625,74.28251142397639
1267.4660000000003,1.6796030277774114,74.30651228450537
1268.69200000001,1.6756969742244407,74.33037519884708
1269.7520000000077,1.6713026639773487,74.3540829237281
1270.7600000000093,1.665931840342014,74.37760097260163
1271.7320000000036,1.6595845033184367,74.40089485892082
1273.0890000000072,1.6542136796831017,74.42399906923251
1274.116000000009,1.6512841395183737,74.44699981990374
1275.117000000013,1.648842856047767,74.46991435420792
1276.146000000008,1.645913315883039,74.49272542887165
1277.1680000000051,1.641519005635947,74.5153813140747
1278.5420000000013,1.6361481820006123,74.53784752327022
1279.5390000000043,1.6322421284476416,74.56017578627848
1280.5560000000114,1.6298008449770347,74.58241783291969
1281.5710000000108,1.6293125882829134,74.6046426362875
1282.6010000000097,1.6283360748946707,74.62683295310846
1284.0280000000057,1.625894791424064,74.6489370535624
1285.0480000000098,1.6239417646475787,74.67097218092272
1286.0360000000073,1.6234535079534573,74.69299006500958
1287.06700000001,1.6244300213417,74.71504243564328
1288.0570000000007,1.6254065347299427,74.73712929282382
1289.4500000000116,1.6239417646475787,74.7591644201841
1290.4700000000012,1.6219887378710933,74.78113057445077
1291.492000000013,1.620035711094608,74.80302775562379
1292.4800000000105,1.6195474544004866,74.82490769352339
1293.8710000000137,1.6195474544004866,74.84678763142298
1294.8830000000016,1.618570941012244,74.86863308277579
1295.9110000000073,1.6161296575416373,74.89039231776152
1296.9520000000048,1.6136883740710306,74.91206533638022
1298.3510000000097,1.612711860682788,74.93370386845208
1299.3500000000058,1.612711860682788,74.95534240052397
1300.3790000000008,1.612711860682788,74.97698093259584
1301.3770000000077,1.611247090600424,74.99856773484748
1302.367000000013,1.608317550435696,75.02005107745867
1303.7900000000081,1.605876266965089,75.0414482037028
1304.840000000011,1.6053880102709677,75.06282808667353
1305.8040000000037,1.604411496882725,75.08417348309746
1306.7990000000136,1.6024584701062397,75.10544990642772
1307.8110000000015,1.5990406732473903,75.12660562684414
1309.1850000000122,1.595622876388541,75.14764064434667
1310.468000000008,1.5936698496120556,75.16860668875556
1311.4870000000083,1.592693336223813,75.18953824661764
1312.4720000000088,1.5922050795296916,75.21045256120632
1313.5030000000115,1.5907403094473276,75.23131514597476
1314.8710000000137,1.5863459992002356,75.25202254128253
1315.8600000000006,1.5819516889531433,75.2725747471296
1316.9260000000068,1.5795104054825366,75.29304073660961
1317.9270000000106,1.5775573787060513,75.313437752996
1319.2980000000098,1.5746278385413233,75.33373130974192
1320.2950000000128,1.5707217849883526,75.35388692030057
1321.3029999999999,1.5663274747412606,75.37388734139853
1322.3179999999993,1.5624214211882899,75.3937498163092
1323.3530000000028,1.5609566511059259,75.41356056139965
1324.7400000000052,1.5590036243294405,75.43330233339648
1325.7590000000055,1.5531445439999843,75.45283718611239
1326.7690000000002,1.5428911534234362,75.47200993008668
1327.7620000000024,1.5321495061527666,75.49080332204598
1328.7640000000101,1.5238491423527039,75.5093035783573
1330.2000000000116,1.5170135486350051,75.5275624288409
1331.2460000000137,1.5101779549173064,75.54557987349675
1332.2610000000132,1.5023658478113648,75.56332142577806
1333.238000000012,1.4940654840113021,75.58076984241141
1334.6080000000075,1.4872298902936034,75.597976853217
1335.6350000000093,1.4828355800465114,75.61502867456194
1336.6630000000005,1.4803942965759045,75.63199427953982
1337.666000000012,1.4774647564111765,75.64885642487724
1338.648000000001,1.4735587028582058,75.66558062402737
1340.047000000006,1.4716056760817204,75.68223585008388
1341.125,1.4740469595523271,75.69897729250742
1342.125,1.4779530131052978,75.71585668111825
1343.1760000000068,1.4813708099641472,75.73285677264295
1344.1970000000001,1.4823473233523898,75.74989135071446
1345.5750000000116,1.4823473233523898,75.76692592878597
1346.5750000000116,1.4823473233523898,75.78396050685747
1347.5750000000116,1.4843003501288754,75.80106405802262
1348.622000000003,1.4877181469877248,75.81828831210163
1349.6380000000063,1.4906476871524528,75.83561602582111
1351.0690000000031,1.4901594304583314,75.85292649626717
1352.0910000000003,1.488206403681846,75.8701679936196
1353.1020000000135,1.488206403681846,75.88740949097203
1354.099000000002,1.4901594304583314,75.9047199614181
1355.4700000000012,1.4916242005406954,75.92208216168439
1356.491000000009,1.491135943846574,75.93942711867727
1357.520000000004,1.48967117376421,75.95672034584993
1358.5,1.4877181469877248,75.97394459992897
1359.5149999999994,1.4872298902936034,75.99115161073456
1360.8810000000085,1.488206403681846,76.00839310808699
1361.994000000006,1.488206403681846,76.02563460543942
1362.992000000013,1.486741633599482,76.04282437297162
1364.0080000000016,1.4847886068229967,76.05994516741019
1364.997000000003,1.4843003501288754,76.07704871857533
1366.3710000000137,1.4857651202112394,76.09420399956072
1367.3840000000055,1.4877181469877248,76.11142825363974
1368.375,1.4872298902936034,76.12863526444535
1369.3850000000093,1.4857651202112394,76.14579054543073
1370.7720000000118,1.4847886068229967,76.1629113398693
1372.0450000000128,1.4862533769053607,76.1800838641281
1373.018000000011,1.488206403681846,76.19732536148051
1374.0149999999994,1.488206403681846,76.21456685883294
1375.0590000000084,1.486741633599482,76.23175662636514
1376.471000000005,1.4847886068229967,76.2488774208037
1377.474000000002,1.4843003501288754,76.26598097196886
1378.4550000000017,1.4857651202112394,76.28313625295422
1379.5030000000115,1.4872298902936034,76.30034326375984
1380.491000000009,1.4872298902936034,76.31755027456545
1381.87000000001,1.485276863517118,76.33468831227742
1382.9330000000045,1.4833238367406327,76.35175737689575
1383.974000000002,1.4833238367406327,76.36882644151406
1384.9429999999993,1.4843003501288754,76.38592999267922
1385.9619999999995,1.4833238367406327,76.40299905729755
1387.3240000000078,1.4808825532700258,76.41998190554882
1388.3410000000003,1.4779530131052978,76.43686129415964
1389.3340000000026,1.4764882430229338,76.45368895295026
1390.3570000000036,1.4764882430229338,76.47051661174085
1391.3390000000072,1.4774647564111765,76.48737875707826
1392.7140000000072,1.4774647564111765,76.50424090241569
1393.7200000000012,1.4774647564111765,76.52110304775312
1394.721000000005,1.4769764997170551,76.53794794981711
1395.7330000000075,1.4769764997170551,76.55479285188112
1396.794000000009,1.4789295264935405,76.57170672703876
1397.843000000008,1.4808825532700258,76.58868957529005
1398.8650000000052,1.4818590666582685,76.60570691008814
1399.867000000013,1.4808825532700258,76.62268975833943
1400.9030000000057,1.4794177831876618,76.6396208767705
1402.2760000000126,1.4799060398817832,76.65656923847496
1403.2930000000051,1.4813708099641472,76.67356932999965
1404.2900000000081,1.4818590666582685,76.69058666479775
1405.2890000000043,1.4803942965759045,76.70755226977563
1406.2780000000057,1.4774647564111765,76.72441441511306
1407.6399999999994,1.4755117296346911,76.74120758735684
1408.6440000000002,1.4750234729405698,76.7579835163272
1409.7230000000127,1.4759999863288125,76.77479393184439
1410.7050000000017,1.4759999863288125,76.79160434736157
1412.0830000000133,1.4740469595523271,76.80834578978512
1413.0800000000017,1.4706291626934778,76.8249665292948
1414.1010000000097,1.469652649305235,76.84155278225766
1415.093000000008,1.4701409059993564,76.85815627849392
1416.1090000000113,1.469652649305235,76.87474253145679
1417.5350000000035,1.4676996225287497,76.89125981132601
1418.573000000004,1.4642818256699004,76.90765638828137
1419.5550000000076,1.4613522855051724,76.92394950559625
1420.5550000000076,1.4598875154228084,76.94019089309093
1421.5550000000076,1.4598875154228084,76.9564322805856
1422.9690000000119,1.460864028811051,76.97270815462711
1423.94200000001,1.460864028811051,76.9889840286686
1424.9200000000128,1.460864028811051,77.0052599027101
1425.9240000000136,1.4618405421992937,77.0215702632984
1427.2980000000098,1.4647700823640217,77.03798408352718
1428.2880000000005,1.466723109140507,77.05446687684959
1429.2830000000104,1.4676996225287497,77.07098415671881
1430.296000000002,1.4662348524463857,77.0874497067678
1431.3390000000072,1.4647700823640217,77.10386352699658
1432.7480000000069,1.4642818256699004,77.12026010395194
1434.0550000000076,1.4633053122816577,77.13662219436047
1435.073000000004,1.460864028811051,77.15289806840197
1436.116000000009,1.4569579752580801,77.16903599625617
1437.1779999999999,1.4520754083168668,77.18500149137628
1438.5480000000098,1.4486576114580174,77.20084628358254
1439.5550000000076,1.4471928413756534,77.21663934596857
1440.5679999999993,1.4457280712932894,77.23238067853435
1441.5720000000001,1.4427985311285614,77.2480185514597
1442.590000000011,1.4374277074932267,77.26346674837751
1444.023000000001,1.433521653940256,77.27877699910806
1445.1050000000105,1.431080370469649,77.29400103347156
1446.0830000000133,1.429615600387285,77.30917333801486
1447.0840000000026,1.4261978035284357,77.32422493964425
1448.1010000000097,1.420826979893101,77.33908686526617
1449.4809999999998,1.4154561562577663,77.35375911488056
1450.5030000000115,1.4110618460106743,77.36827617503428
1451.4750000000058,1.4086205625400676,77.38270701882094
1452.4690000000119,1.406667535763582,77.39706888951397
1453.5160000000033,1.4032497389047327,77.41131005729312
1454.8830000000016,1.3959258884929127,77.42529257597114
1455.892000000007,1.3886020380810926,77.439016445548
1456.921000000002,1.383231214445758,77.45255063911736
1457.945000000007,1.3783486475045443,77.46591239995264
1458.922000000006,1.372001310480967,77.47904999823358
1460.2830000000104,1.3641892033750256,77.49191170413997
1461.2880000000005,1.3558888395749626,77.5044802743984
1462.3290000000125,1.349053245857264,77.5168074388291
1463.3760000000038,1.3441706789160506,77.5289621705257
1464.3840000000055,1.3407528820572012,77.54099619930844
1465.7610000000132,1.3383115985865945,77.55294401172411
1466.7750000000087,1.3363585718101092,77.56482285104617
1467.7660000000033,1.3334290316453812,77.57659823072775
1468.7880000000005,1.3300112347865316,77.58825290749547
1470.2100000000064,1.3285464647041676,77.59985585444296
1471.2260000000097,1.326105181233561,77.6113725850234
1472.1940000000031,1.3212226142923476,77.62271688286974
1473.1870000000054,1.3158517906570129,77.63387150470858
1474.544000000009,1.3104809670216782,77.64483645053993
1475.5720000000001,1.3070631701628286,77.65568069345738
1476.6040000000066,1.3051101433863432,77.66645596328122
1477.6050000000105,1.3016923465274939,77.67711053019119
1478.593000000008,1.2958332661980378,77.68755817782025
1479.9690000000119,1.2904624425627031,77.69781614944179
1480.9590000000026,1.2880211590920965,77.7079879046963
1481.9750000000058,1.2870446457038538,77.71812517340398
1482.9890000000014,1.2846033622332471,77.7281762257446
1484.0160000000033,1.2802090519861549,77.73807208862453
1485.3910000000033,1.2753264850449415,77.74779551877039
1486.4020000000019,1.2709321747978495,77.75736375945556
1487.3970000000118,1.2684908913272428,77.76684578377368
1488.4230000000098,1.2680026346331215,77.77631056481836
1489.4279999999999,1.2660496078566361,77.78570637276943
1490.8870000000024,1.2621435543036654,77.79496423453323
1491.9040000000095,1.2577492440565732,77.80406690683631
1492.9060000000027,1.2557962172800878,77.8131006060458
1493.9070000000065,1.2562844739742092,77.82215154852865
1494.9050000000134,1.2557962172800878,77.83118524773812
1496.2900000000081,1.2533549338094812,77.84013273058055
1497.3390000000072,1.2499371369506318,77.84895951050909
1498.3040000000037,1.2470075967859038,77.85768283079717
1499.3220000000001,1.246031083397661,77.86637166453846
1500.6800000000076,1.2470075967859038,77.87509498482655
1501.7040000000125,1.2465193400917824,77.88380106184123
1502.69200000001,1.2440780566211758,77.89242092248887
1503.7550000000047,1.240172003068205,77.90090283694921
1504.7400000000052,1.2367542062093557,77.9092640484957
1506.1270000000077,1.2338246660446277,77.91752180040173
1507.1150000000052,1.2308951258798995,77.9256760926673
1508.113000000012,1.226012558938686,77.93365795219879
1509.1360000000132,1.2206417353033514,77.94145013572277
1510.1840000000084,1.2162474250562594,77.94908712978605
1511.564000000013,1.2138061415856527,77.95663790748227
1512.5869999999995,1.2133178848915314,77.96417144190511
1513.5820000000094,1.2133178848915314,77.97170497632796
1514.6030000000028,1.211364858115046,77.97916953765714
1515.6240000000107,1.2089235746444393,77.98654788261928
1517.046000000002,1.2069705478679538,77.99385725448779
1518.0690000000031,1.2064822911738324,78.00114938308289
1519.2260000000097,1.2055057777855898,78.00840702513116
1520.2190000000119,1.203064494314983,78.01557845081238
1521.596000000005,1.200134954150255,78.02264641685316
1522.613000000012,1.1976936706796484,78.02962816652689
1523.6680000000051,1.197205413985527,78.03659267292721
1524.6700000000128,1.1981819273737697,78.04359166587433
1525.6390000000101,1.1991584407620124,78.05062514536829
1527.0070000000123,1.198670184067891,78.05764138158884
1528.018000000011,1.198670184067891,78.06465761780937
1529.017000000007,1.1996466974561337,78.07170834057673
1530.0620000000054,1.2025762376208617,78.07886252298455
1531.0630000000092,1.2050175210914684,78.08610292175942
1532.5160000000033,1.205994034479711,78.09337780708111
1533.4809999999998,1.205994034479711,78.1006526924028
1534.4790000000066,1.2064822911738324,78.1079448209979
1535.4980000000069,1.2079470612561964,78.11528867941321
1536.546000000002,1.2108766014209247,78.122735997469
1537.9660000000003,1.2138061415856527,78.13028677516522
1539.0040000000008,1.2162474250562594,78.13792376922852
1539.9790000000066,1.2182004518327447,78.14562973638543
1540.9980000000069,1.2211299919974727,78.15343916318281
1542.3730000000069,1.2250360455504434,78.16138653616747
1543.4240000000136,1.2289420991034141,78.16947185533941
1544.4260000000068,1.2313833825740208,78.17764339087839
1545.425000000003,1.2323598959622635,78.1858494129642
1546.4440000000031,1.2328481526563848,78.19407267832341
1547.814000000013,1.234312922738749,78.20234767350284
1548.8680000000022,1.2352894361269917,78.21065715522911
1549.9180000000051,1.235777692821113,78.21898388022878
1550.9020000000019,1.234312922738749,78.22725887540822
1552.2810000000027,1.2323598959622635,78.23546489749403
1553.2860000000073,1.2313833825740208,78.243636433033
1554.314000000013,1.2323598959622635,78.25184245511882
1555.314000000013,1.2338246660446277,78.26010020702485
1556.3390000000072,1.2338246660446277,78.26835795893088
1557.7660000000033,1.2328481526563848,78.27658122429008
1558.921000000002,1.2318716392681421,78.28477000310247
1559.8820000000123,1.2318716392681421,78.29295878191485
1560.8810000000085,1.2333364093505064,78.30119929054747
1561.8790000000008,1.2352894361269917,78.30950877227374
1563.3010000000068,1.2367542062093557,78.31786998382023
1564.2930000000051,1.2367542062093557,78.32623119536672
1565.2780000000057,1.2377307195975984,78.33462689346003
1566.3060000000114,1.2396837463740837,78.34309156464697
1567.3179999999993,1.2426132865388118,78.35165969547438
1568.6929999999993,1.2440780566211758,78.36027955612201
1569.7040000000125,1.2440780566211758,78.36889941676964
1570.7080000000133,1.2426132865388118,78.37746754759705
1571.7110000000102,1.241636773150569,78.38600119187764
1573.0790000000125,1.241636773150569,78.39453483615821
1574.0860000000102,1.240172003068205,78.40301675061858
1575.0820000000094,1.237242462903477,78.41139520543848
1576.1240000000107,1.2323598959622635,78.41960122752427
1577.1620000000112,1.2274773290210501,78.42763481687598
1578.2130000000034,1.2240595321622008,78.43554770331383
1579.2360000000044,1.2211299919974727,78.44335713011121
1580.2290000000066,1.2182004518327447,78.45106309726812
1581.2560000000085,1.21282962819741,78.45857938841755
1582.62000000001,1.205994034479711,78.46585427373923
1583.666000000012,1.198670184067891,78.47287050995978
1584.689000000013,1.1923228470443137,78.479662583626
1585.6570000000065,1.1874402801031003,78.48628222455811
1586.671000000002,1.1820694564677654,78.49271218948275
1588.0270000000019,1.175722119444188,78.49891799185302
1589.0490000000136,1.168398269032368,78.50486514512217
1590.0770000000048,1.161074418620548,78.51055364929016
1591.0580000000045,1.1547270815969704,78.51601799090383
1592.4300000000076,1.1488680012675143,78.52127541323661
1593.448000000004,1.1405676374674516,78.5262396999214
1594.4490000000078,1.1303142468909033,78.5308418778646
1595.474000000002,1.1185960862319912,78.53503021724599
1596.5090000000055,1.106877925573079,78.53880471806552
1597.9360000000015,1.0951597649141669,78.54216538032323
1598.948000000004,1.0829533475611333,78.54509496074569
1600.0310000000027,1.0687939034316145,78.5475244862393
1601.0330000000104,1.0536579459138529,78.54941947025719
1602.047000000006,1.0385219883960914,78.55077991279937
1603.4630000000034,1.0243625442665725,78.55164030041269
1604.4610000000102,1.012156126913539,78.55206960619078
1605.4460000000108,0.9994614528663841,78.5520505868602
1606.4760000000097,0.9843254953486226,78.55149702605392
1607.4690000000119,0.9682130244426184,78.55037443722514
1608.8280000000086,0.9516122968424927,78.54866557710045
1610.119000000006,0.9359880826306098,78.54640493222662
1611.1210000000137,0.9208521251128483,78.5436097458771
1612.0980000000127,0.9047396542068441,78.54024553150508
1613.0950000000012,0.8866741565243544,78.53624331601688
1614.4570000000094,0.8671438887595009,78.53155136959232
1615.4870000000083,0.8481018776887685,78.52618693550478
1616.497000000003,0.8305246367004003,78.52020174357449
1617.5140000000101,0.8149004224885174,78.51366476689509
1618.5030000000115,0.7987879515825131,78.50655876219318
1619.8790000000008,0.7816989672882663,78.49884924292192
1620.867000000013,0.7646099829940193,78.49053620908134
1621.8940000000002,0.7475209986997724,78.48161966067143
1622.9040000000095,0.7309202710996469,78.4721168409656
1624.343000000008,0.7143195434995212,78.46202774996382
1625.3870000000024,0.696742302511153,78.45131790111931
1626.3620000000083,0.6777002914404207,78.43993556461182
1627.375,0.6581700236755671,78.42786349716795
1628.4170000000013,0.6386397559107134,78.4151016987877
1629.8090000000084,0.6205742582282239,78.40170189929127
1630.8100000000122,0.6039735306280982,78.38771582849893
1631.7839999999997,0.5868845463338513,78.37312624313725
1632.8330000000133,0.5688190486513618,78.35789865665944
