time,vbat
0.0,16.07
0.01,16.27
0.02,16.17
0.03,16.22
0.04,16.22
0.05,15.91
0.06,15.8
0.07,16.01
0.07,16.01
0.08,16.29
0.09,16.17
0.1,16.17
0.11,16.14
0.12,16.19
0.13,16.17
0.14,16.15
0.15,16.12
0.16,16.13
0.17,16.1
0.17,16.13
0.18,16.06
0.19,16.09
0.2,16.14
0.21,16.14
0.22,16.08
0.23,16.08
0.24,16.11
0.25,16.07
0.26,16.11
0.27,16.08
0.28,16.09
0.29,16.07
0.29,16.07
0.3,16.08
0.31,16.07
0.32,16.05
0.33,16.06
0.34,16.1
0.35,16.05
0.36,16.09
0.37,16.06
0.38,16.02
0.39,16.04
0.39,15.98
0.4,16.12
0.41,16.07
0.42,16.16
0.43,16.06
0.44,16.15
0.45,16.17
0.46,16.12
0.47,16.12
0.48,16.13
0.49,16.07
0.5,16.07
0.5,16.07
0.51,16.0
0.52,16.06
0.53,16.01
0.54,15.99
0.55,16.01
0.56,16.05
0.57,16.02
0.58,15.94
0.59,15.99
0.6,16.05
0.61,16.01
0.61,16.03
0.62,16.0
0.63,15.99
0.64,15.99
0.65,16.01
0.66,16.08
0.67,16.02
0.68,16.02
0.69,16.0
0.7,15.99
0.71,15.93
0.71,15.96
0.72,15.95
0.73,15.98
0.74,16.03
0.75,16.04
0.76,16.08
0.77,16.06
0.78,16.05
0.79,16.01
0.8,16.02
0.81,16.05
0.81,16.03
0.82,16.04
0.83,16.04
0.84,16.01
0.85,15.97
0.86,15.99
0.87,16.03
0.88,16.01
0.89,16.07
0.9,15.97
0.91,16.02
0.92,16.11
0.92,16.07
0.93,16.06
0.94,16.09
0.95,16.09
0.96,16.07
0.97,16.0
0.98,16.03
0.99,16.03
1.0,16.03
1.01,16.03
1.02,15.98
1.02,16.04
1.03,16.08
1.04,16.01
1.05,16.08
1.06,16.06
1.07,16.07
1.08,15.98
1.09,16.02
1.1,16.01
1.11,15.97
1.12,15.99
1.12,15.99
1.13,16.0
1.14,16.02
1.15,16.0
1.16,16.05
1.17,15.99
1.18,15.99
1.19,15.98
1.2,15.94
1.21,15.92
1.22,15.89
1.23,15.89
1.23,15.88
1.24,15.89
1.25,15.93
1.26,15.88
1.27,15.86
1.28,15.81
1.29,15.91
1.3,15.93
1.31,15.89
1.32,15.87
1.33,15.94
1.33,15.88
1.34,15.88
1.35,15.88
1.36,15.86
1.37,15.89
1.38,15.88
1.39,15.91
1.4,15.91
1.41,15.88
1.42,15.91
1.43,15.86
1.43,15.9
1.44,15.89
1.45,15.87
1.46,15.86
1.47,15.85
1.48,15.87
1.49,15.85
1.5,15.88
1.51,15.86
1.52,15.87
1.52,15.87
1.53,15.85
1.54,15.84
1.55,15.86
1.56,15.81
1.57,15.86
1.58,15.85
1.59,15.75
1.6,15.81
1.61,15.8
1.62,15.79
1.62,15.86
1.63,15.8
1.64,15.84
1.65,15.82
1.66,15.8
1.67,15.83
1.68,15.83
1.69,15.83
1.7,15.79
1.71,15.79
1.72,15.83
1.72,15.82
1.73,15.8
1.74,15.85
1.75,15.82
1.76,15.8
1.77,15.81
1.78,15.79
1.79,15.77
1.8,15.82
1.81,15.74
1.82,15.77
1.82,15.81
1.83,15.81
1.84,15.83
1.85,15.81
1.86,15.79
1.87,15.8
1.88,15.81
1.89,15.81
1.9,15.79
1.91,15.79
1.92,15.79
1.92,15.82
1.93,15.77
1.94,15.76
1.95,15.81
1.96,15.79
1.97,15.81
1.98,15.8
1.99,15.81
2.0,15.79
2.01,15.76
2.02,15.8
2.02,15.8
2.03,15.8
2.04,15.76
2.05,15.78
2.06,15.76
2.07,15.75
2.08,15.78
2.09,15.75
2.1,15.76
2.11,15.75
2.12,15.8
2.12,15.74
2.13,15.76
2.14,15.78
2.15,15.82
2.16,15.8
2.17,15.79
2.18,15.79
2.19,15.76
2.2,15.77
2.21,15.77
2.21,15.74
2.22,15.77
2.23,15.74
2.24,15.75
2.25,15.71
2.26,15.75
2.27,15.72
2.28,15.72
2.29,15.74
2.3,15.75
2.31,15.75
2.31,15.69
2.32,15.68
2.33,15.73
2.34,15.73
2.35,15.7
2.36,15.69
2.37,15.71
2.38,15.74
2.39,15.7
2.4,15.73
2.41,15.7
2.41,15.69
2.42,15.72
2.43,15.69
2.44,15.74
2.45,15.67
2.46,15.74
2.47,15.73
2.48,15.72
2.49,15.66
2.5,15.67
2.51,15.69
2.51,15.67
2.52,15.7
2.53,15.66
2.54,15.69
2.55,15.68
2.56,15.7
2.57,15.72
2.58,15.71
2.59,15.72
2.6,15.72
2.61,15.72
2.61,15.68
2.62,15.69
2.63,15.67
2.64,15.67
2.65,15.7
2.66,15.69
2.67,15.69
2.68,15.66
2.69,15.64
2.7,15.61
2.7,15.62
2.71,15.63
2.72,15.62
2.73,15.64
2.74,15.63
2.75,15.64
2.76,15.63
2.77,15.66
2.78,15.67
2.79,15.69
2.8,15.67
2.8,15.67
2.81,15.66
2.82,15.68
2.83,15.69
2.84,15.71
2.85,15.65
2.86,15.63
2.87,15.66
2.88,15.66
2.89,15.66
2.9,15.67
2.9,15.72
2.91,15.69
2.92,15.67
2.93,15.67
2.94,15.67
2.95,15.65
2.96,15.61
2.97,15.64
2.98,15.67
2.99,15.59
3.0,15.62
3.0,15.63
3.01,15.65
3.02,15.66
3.03,15.66
3.04,15.66
3.05,15.65
3.06,15.61
3.07,15.6
3.08,15.61
3.09,15.62
3.1,15.63
3.1,15.58
3.11,15.61
3.12,15.62
3.13,15.56
3.14,15.6
3.15,15.57
3.16,15.6
3.17,15.58
3.18,15.55
3.19,15.53
3.19,15.58
3.2,15.52
3.21,15.56
3.22,15.5
3.23,15.56
3.24,15.58
3.25,15.58
3.26,15.59
3.27,15.58
3.28,15.53
3.29,15.56
3.3,15.56
3.3,15.57
3.31,15.53
3.32,15.57
3.33,15.55
3.34,15.54
3.35,15.5
3.36,15.54
3.37,15.58
3.38,15.54
3.39,15.5
3.4,15.5
3.4,15.5
3.41,15.48
3.42,15.49
3.43,15.52
3.44,15.47
3.45,15.51
3.46,15.49
3.47,15.51
3.48,15.5
3.49,15.53
3.5,15.49
3.5,15.56
3.51,15.5
3.52,15.58
3.53,15.57
3.54,15.6
3.55,15.63
3.56,15.55
3.57,15.57
3.58,15.31
3.59,15.36
3.6,15.6
3.61,15.46
3.61,15.5
3.62,15.47
3.63,15.52
3.64,15.57
3.65,15.49
3.66,15.49
3.67,15.44
3.68,15.52
3.69,15.47
3.7,15.47
3.71,15.46
3.71,15.51
3.72,15.51
3.73,15.5
3.74,15.52
3.75,15.51
3.76,15.53
3.77,15.49
3.78,15.46
3.79,15.43
3.8,15.4
3.81,15.5
3.81,15.52
3.82,15.48
3.83,15.46
3.84,15.48
3.85,15.41
3.86,15.49
3.87,15.48
3.88,15.42
3.89,15.43
3.9,15.49
3.91,15.43
3.91,15.42
3.92,15.46
3.93,15.45
3.94,15.46
3.95,15.42
3.96,15.38
3.97,15.48
3.98,15.38
3.99,15.41
4.0,15.39
4.01,15.38
4.01,15.42
4.02,15.37
4.03,15.4
4.04,15.4
4.05,15.34
4.06,15.39
4.07,15.37
4.08,15.39
4.09,15.38
4.1,15.39
4.11,15.3
4.11,15.36
4.12,15.34
4.13,15.35
4.14,15.33
4.15,15.35
4.16,15.34
4.17,15.35
4.18,15.35
4.19,15.33
4.2,15.34
4.21,15.35
4.21,15.34
4.22,15.37
4.23,15.34
4.24,15.34
4.25,15.32
4.26,15.32
4.27,15.33
4.28,15.32
4.29,15.33
4.3,15.32
4.31,15.32
4.32,15.3
4.32,15.3
4.33,15.34
4.34,15.31
4.35,15.3
4.36,15.3
4.37,15.31
4.38,15.34
4.39,15.3
4.4,15.31
4.41,15.29
4.42,15.32
4.42,15.33
4.43,15.3
4.44,15.33
4.45,15.33
4.46,15.3
4.47,15.32
4.48,15.32
4.49,15.31
4.5,15.34
4.51,15.28
4.52,15.31
4.52,15.31
4.53,15.29
4.54,15.31
4.55,15.28
4.56,15.29
4.57,15.3
4.58,15.29
4.59,15.29
4.6,15.27
4.61,15.28
4.62,15.27
4.63,15.3
4.63,15.28
4.64,15.27
4.65,15.27
4.66,15.28
4.67,15.25
4.68,15.28
4.69,15.25
4.7,15.26
4.71,15.27
4.72,15.28
4.73,15.26
4.73,15.28
4.74,15.23
4.75,15.28
4.76,15.26
4.77,15.25
4.78,15.27
4.79,15.27
4.8,15.25
4.81,15.28
4.82,15.27
4.83,15.25
4.83,15.25
4.84,15.24
4.85,15.25
4.86,15.27
4.87,15.23
4.88,15.26
4.89,15.25
4.9,15.24
4.91,15.24
4.92,15.22
4.93,15.23
4.94,15.25
4.94,15.23
4.95,15.21
4.96,15.22
4.97,15.28
4.98,15.25
4.99,15.26
5.0,15.24
5.01,15.24
5.02,15.21
5.03,15.23
5.04,15.24
5.04,15.22
5.05,15.25
5.06,15.22
5.07,15.2
5.08,15.19
5.09,15.25
5.1,15.24
5.11,15.22
5.12,15.23
5.13,15.25
5.14,15.23
5.15,15.23
5.15,15.2
5.16,15.22
5.17,15.23
5.18,15.21
5.19,15.22
5.2,15.22
5.21,15.25
5.22,15.22
5.23,15.19
5.24,15.25
5.25,15.21
5.25,15.18
5.26,15.2
5.27,15.2
5.28,15.2
5.29,15.19
5.3,15.18
5.31,15.2
5.32,15.17
5.33,15.22
5.34,15.17
5.35,15.15
5.36,15.2
5.36,15.23
5.37,15.2
5.38,15.16
5.39,15.18
5.4,15.19
5.41,15.2
5.42,15.19
5.43,15.18
5.44,15.19
5.45,15.19
5.46,15.15
5.46,15.21
5.47,15.18
5.48,15.16
5.49,15.2
5.5,15.19
5.51,15.19
5.52,15.21
5.53,15.13
5.54,15.17
5.55,15.2
5.56,15.18
5.56,15.13
5.57,15.16
5.58,15.15
5.59,15.11
5.6,15.16
5.61,15.19
5.62,15.17
5.63,15.15
5.64,15.17
5.65,15.17
5.66,15.16
5.67,15.14
5.67,15.12
5.68,15.13
5.69,15.16
5.7,15.14
5.71,15.16
5.72,15.16
5.73,15.14
5.74,15.13
5.75,15.15
5.76,15.17
5.77,15.11
5.77,15.16
5.78,15.09
5.79,15.15
5.8,15.12
5.81,15.15
5.82,15.14
5.83,15.16
5.84,15.15
5.85,15.17
5.86,15.19
5.87,15.14
5.87,15.14
5.88,15.17
5.89,15.13
5.9,15.1
5.91,15.11
5.92,15.12
5.93,15.14
5.94,15.14
5.95,15.09
5.96,15.12
5.96,15.13
5.97,15.05
5.98,15.1
5.99,15.1
6.0,15.1
6.01,15.11
6.02,15.05
6.03,15.09
6.04,15.1
6.05,15.07
6.06,15.1
6.06,15.06
6.07,15.06
6.08,15.05
6.09,15.06
6.1,15.04
6.11,15.08
6.12,15.06
6.13,15.04
6.14,15.05
6.15,15.08
6.16,15.05
6.16,15.02
6.17,15.04
6.18,15.1
6.19,15.08
6.2,15.1
6.21,15.13
6.22,15.07
6.23,15.07
6.24,15.1
6.25,15.07
6.26,15.1
6.26,15.04
6.27,15.01
6.28,15.06
6.29,15.1
6.3,15.06
6.31,15.04
6.32,15.05
6.33,15.07
6.34,14.99
6.35,15.06
6.36,15.02
6.36,15.05
6.37,15.04
6.38,15.08
6.39,15.01
6.4,15.05
6.41,15.04
6.42,14.99
6.43,15.01
6.44,15.02
6.45,15.04
6.46,15.01
6.46,15.01
6.47,15.0
6.48,15.0
6.49,15.01
6.5,15.02
6.51,15.01
6.52,15.02
6.53,15.04
6.54,15.03
6.55,15.09
6.56,15.03
6.56,15.06
6.57,15.09
6.58,15.08
6.59,15.06
6.6,15.09
6.61,15.06
6.62,15.05
6.63,15.05
6.64,15.05
6.65,15.03
6.65,15.03
6.66,15.03
6.67,15.04
6.68,15.05
6.69,15.05
6.7,15.02
6.71,15.04
6.72,15.04
6.73,15.01
6.74,15.01
6.75,15.02
6.75,15.03
6.76,15.02
6.77,15.03
6.78,15.02
6.79,15.01
6.8,15.01
6.81,15.02
6.82,15.04
6.83,15.04
6.84,15.03
6.85,15.01
6.85,15.01
6.86,15.01
6.87,15.03
6.88,15.04
6.89,15.04
6.9,15.02
6.91,15.02
6.92,15.02
6.93,15.02
6.94,15.02
6.95,15.04
6.95,15.0
6.96,14.99
6.97,15.0
6.98,14.96
6.99,15.03
7.0,15.03
7.01,15.02
7.02,15.0
7.03,14.99
7.04,14.97
7.04,14.97
7.05,14.98
7.06,14.97
7.07,14.95
7.08,14.97
7.09,14.99
7.1,14.96
7.11,14.99
7.12,14.98
7.13,14.98
7.14,14.97
7.14,14.97
7.15,14.96
7.16,14.96
7.17,14.95
7.18,14.96
7.19,14.97
7.2,14.96
7.21,14.98
7.22,14.98
7.23,14.99
7.24,14.98
7.24,14.96
7.25,14.97
7.26,14.97
7.27,14.96
7.28,14.98
7.29,14.97
7.3,14.98
7.31,14.97
7.32,14.97
7.33,14.99
7.33,14.98
7.34,14.98
7.35,14.98
7.36,14.98
7.37,14.98
7.38,14.97
7.39,14.96
7.4,14.96
7.41,14.96
7.42,14.96
7.43,14.98
7.43,14.98
7.44,14.97
7.45,14.95
7.46,14.96
7.47,14.97
7.48,14.98
7.49,14.97
7.5,14.95
7.51,14.97
7.52,14.95
7.53,14.97
7.53,14.95
7.54,14.97
7.55,14.98
7.56,14.96
7.57,14.97
7.58,14.96
7.59,14.96
7.6,14.95
7.61,14.97
7.62,14.96
7.63,14.96
7.63,14.97
7.64,14.96
7.65,14.94
7.66,14.94
7.67,14.95
7.68,14.95
7.69,14.94
7.7,14.94
7.71,14.93
7.72,14.94
7.73,14.94
7.73,14.95
7.74,14.94
7.75,14.94
7.76,14.93
7.77,14.94
7.78,14.93
7.79,14.92
7.8,14.92
7.81,14.94
7.82,14.91
7.83,14.92
7.83,14.93
7.84,14.91
7.85,14.9
7.86,14.92
7.87,14.92
7.88,14.93
7.89,14.9
7.9,14.89
7.91,14.92
7.92,14.91
7.92,14.93
7.93,14.92
7.94,14.91
7.95,14.89
7.96,14.88
7.97,14.91
7.98,14.9
7.99,14.89
8.0,14.91
8.01,14.91
8.02,14.9
8.02,14.93
8.03,14.9
8.04,14.9
8.05,14.9
8.06,14.9
8.07,14.88
8.08,14.88
8.09,14.88
8.1,14.89
8.11,14.91
8.12,14.91
8.12,14.89
8.13,14.89
8.14,14.86
8.15,14.88
8.16,14.91
8.17,14.87
8.18,14.89
8.19,14.86
8.2,14.87
8.21,14.89
8.22,14.9
8.22,14.86
8.23,14.91
8.24,14.88
8.25,14.85
8.26,14.92
8.27,14.87
8.28,14.86
8.29,14.86
8.3,14.87
8.31,14.91
8.32,14.9
8.32,14.89
8.33,14.89
8.34,14.88
8.35,14.84
8.36,14.91
8.37,14.86
8.38,14.85
8.39,14.92
8.4,14.83
8.41,14.89
8.41,14.87
8.42,14.85
8.43,14.87
8.44,14.87
8.45,14.88
8.46,14.9
8.47,14.85
8.48,14.9
8.49,14.89
8.5,14.9
8.51,14.85
8.51,14.9
8.52,14.86
8.53,14.73
8.54,14.82
8.55,14.91
8.56,14.88
8.57,14.86
8.58,14.88
8.59,14.83
8.6,14.89
8.61,14.88
8.61,14.86
8.62,14.9
8.63,14.83
8.64,14.87
8.65,14.83
8.66,14.82
8.67,14.87
8.68,14.87
8.69,14.79
8.7,14.77
8.71,14.81
8.71,14.8
8.72,14.82
8.73,14.82
8.74,14.81
8.75,14.79
8.76,14.82
8.77,14.87
8.78,14.82
8.79,14.83
8.8,14.8
8.81,14.84
8.82,14.82
8.82,14.81
8.83,14.8
8.84,14.78
8.85,14.81
8.86,14.82
8.87,14.81
8.88,14.79
8.89,14.77
8.9,14.81
8.91,14.79
8.92,14.82
8.92,14.82
8.93,14.83
8.94,14.8
8.95,14.82
8.96,14.85
8.97,14.81
8.98,14.79
8.99,14.78
9.0,14.83
9.01,14.86
9.02,14.82
9.02,14.81
9.03,14.83
9.04,14.8
9.05,14.79
9.06,14.75
9.07,14.79
9.08,14.78
9.09,14.78
9.1,14.76
9.11,14.77
9.12,14.77
9.12,14.79
9.13,14.77
9.14,14.82
9.15,14.75
9.16,14.8
9.17,14.77
9.18,14.78
9.19,14.79
9.2,14.84
9.21,14.81
9.21,14.73
9.22,14.83
9.23,14.8
9.24,14.82
9.25,14.78
9.26,14.79
9.27,14.8
9.28,14.76
9.29,14.79
9.3,14.81
9.31,14.73
9.31,14.8
9.32,14.77
9.33,14.75
9.34,14.81
9.35,14.75
9.36,14.8
9.37,14.77
9.38,14.78
9.39,14.78
9.4,14.74
9.41,14.76
9.41,14.74
9.42,14.78
9.43,14.8
9.44,14.78
9.45,14.76
9.46,14.74
9.47,14.77
9.48,14.73
9.49,14.74
9.5,14.78
9.51,14.77
9.51,14.76
9.52,14.77
9.53,14.76
9.54,14.81
9.55,14.78
9.56,14.77
9.57,14.75
9.58,14.76
9.59,14.74
9.6,14.77
9.61,14.73
9.61,14.74
9.62,14.79
9.63,14.76
9.64,14.77
9.65,14.81
9.66,14.78
9.67,14.77
9.68,14.77
9.69,14.76
9.7,14.73
9.71,14.76
9.71,14.78
9.72,14.74
9.73,14.77
9.74,14.76
9.75,14.73
9.76,14.79
9.77,14.81
9.78,14.74
9.79,14.77
9.8,14.76
9.8,14.77
9.81,14.79
9.82,14.76
9.83,14.71
9.84,14.72
9.85,14.78
9.86,14.71
9.87,14.76
9.88,14.7
9.89,14.74
9.9,14.77
9.9,14.77
9.91,14.75
9.92,14.73
9.93,14.73
9.94,14.69
9.95,14.71
9.96,14.74
9.97,14.73
9.98,14.78
9.99,14.7
10.0,14.75
10.0,14.76
10.01,14.7
10.02,14.77
10.03,14.74
10.04,14.76
10.05,14.74
10.06,14.71
10.07,14.69
10.08,14.73
10.09,14.76
10.1,14.68
10.1,14.77
10.11,14.72
10.12,14.7
10.13,14.74
10.14,14.72
10.15,14.73
10.16,14.74
10.17,14.78
10.18,14.7
10.19,14.73
10.2,14.72
10.2,14.69
10.21,14.72
10.22,14.74
10.23,14.68
10.24,14.72
10.25,14.76
10.26,14.69
10.27,14.7
10.28,14.75
10.29,14.68
10.3,14.71
10.3,14.65
10.31,14.7
10.32,14.78
10.33,14.7
10.34,14.69
10.35,14.69
10.36,14.68
10.37,14.74
10.38,14.7
10.39,14.73
10.4,14.72
10.4,14.69
10.41,14.7
10.42,14.74
10.43,14.7
10.44,14.72
10.45,14.66
10.46,14.7
10.47,14.71
10.48,14.69
10.49,14.66
10.49,14.67
10.5,14.66
10.51,14.66
10.52,14.66
10.53,14.68
10.54,14.6
10.55,14.68
10.56,14.67
10.57,14.68
10.58,14.63
10.59,14.69
10.59,14.66
10.6,14.68
10.61,14.65
10.62,14.65
10.63,14.69
10.64,14.62
10.65,14.68
10.66,14.67
10.67,14.6
10.68,14.66
10.69,14.69
10.69,14.64
10.7,14.64
10.71,14.61
10.72,14.64
10.73,14.66
10.74,14.63
10.75,14.67
10.76,14.69
10.77,14.66
10.78,14.68
10.79,14.67
10.79,14.67
10.8,14.72
10.81,14.69
10.82,14.7
10.83,14.67
10.84,14.66
10.85,14.61
10.86,14.65
10.87,14.67
10.88,14.69
10.89,14.69
10.89,14.66
10.9,14.67
10.91,14.68
10.92,14.68
10.93,14.64
10.94,14.67
10.95,14.67
10.96,14.69
10.97,14.65
10.98,14.67
10.99,14.68
10.99,14.66
11.0,14.66
11.01,14.64
11.02,14.66
11.03,14.65
11.04,14.67
11.05,14.64
11.06,14.66
11.07,14.63
11.08,14.62
11.09,14.61
11.09,14.62
11.1,14.63
11.11,14.63
11.12,14.64
11.13,14.64
11.14,14.65
11.15,14.63
11.16,14.63
11.17,14.64
11.18,14.62
11.19,14.64
11.19,14.64
11.2,14.62
11.21,14.61
11.22,14.61
11.23,14.61
11.24,14.61
11.25,14.62
11.26,14.63
11.27,14.63
11.28,14.66
11.28,14.65
11.29,14.59
11.3,14.62
11.31,14.63
11.32,14.62
11.33,14.59
11.34,14.63
11.35,14.65
11.36,14.62
11.37,14.62
11.38,14.61
11.38,14.62
11.39,14.62
11.4,14.67
11.41,14.62
11.42,14.62
11.43,14.57
11.44,14.63
11.45,14.64
11.46,14.63
11.47,14.65
11.48,14.58
11.48,14.6
11.49,14.61
11.5,14.62
11.51,14.6
11.52,14.62
11.53,14.61
11.54,14.6
11.55,14.6
11.56,14.63
11.57,14.63
11.58,14.63
11.58,14.57
11.59,14.6
11.6,14.6
11.61,14.57
11.62,14.59
11.63,14.58
11.64,14.61
11.65,14.63
11.66,14.61
11.67,14.58
11.68,14.64
11.68,14.61
11.69,14.59
11.7,14.58
11.71,14.63
11.72,14.63
11.73,14.61
11.74,14.6
11.75,14.59
11.76,14.6
11.77,14.58
11.77,14.61
11.78,14.58
11.79,14.57
11.8,14.57
11.81,14.58
11.82,14.62
11.83,14.6
11.84,14.59
11.85,14.59
11.86,14.61
11.87,14.6
11.87,14.6
11.88,14.59
11.89,14.53
11.9,14.73
11.91,14.52
11.92,14.51
11.93,14.6
11.94,14.57
11.95,14.56
11.96,14.56
11.97,14.58
11.97,14.58
11.98,14.52
11.99,14.54
12.0,14.58
12.01,14.57
12.02,14.58
12.03,14.56
12.04,14.52
12.05,14.54
12.06,14.57
12.07,14.54
12.07,14.52
12.08,14.57
12.09,14.55
12.1,14.55
12.11,14.57
12.12,14.54
12.13,14.55
12.14,14.51
12.15,14.51
12.16,14.53
12.17,14.54
12.17,14.52
12.18,14.57
12.19,14.52
12.2,14.52
12.21,14.54
12.22,14.58
12.23,14.58
12.24,14.56
12.25,14.56
12.26,14.59
12.27,14.59
12.27,14.56
12.28,14.57
12.29,14.55
12.3,14.57
12.31,14.51
12.32,14.55
12.33,14.56
12.34,14.58
12.35,14.59
12.36,14.5
12.37,14.53
12.37,14.53
12.38,14.52
12.39,14.55
12.4,14.55
12.41,14.57
12.42,14.54
12.43,14.54
12.44,14.54
12.45,14.5
12.46,14.49
12.46,14.53
12.47,14.52
12.48,14.54
12.49,14.54
12.5,14.56
12.51,14.53
12.52,14.51
12.53,14.51
12.54,14.52
12.55,14.51
12.56,14.53
12.56,14.52
12.57,14.52
12.58,14.53
12.59,14.51
12.6,14.53
12.61,14.51
12.62,14.55
12.63,14.5
12.64,14.49
12.65,14.52
12.66,14.52
12.66,14.53
12.67,14.53
12.68,14.53
12.69,14.53
12.7,14.55
12.71,14.55
12.72,14.52
12.73,14.56
12.74,14.5
12.75,14.51
12.76,14.54
12.76,14.53
12.77,14.55
12.78,14.55
12.79,14.56
12.8,14.5
12.81,14.52
12.82,14.51
12.83,14.46
12.84,14.48
12.85,14.46
12.86,14.5
12.86,14.52
12.87,14.46
12.88,14.53
12.89,14.51
12.9,14.52
12.91,14.53
12.92,14.5
12.93,14.51
12.94,14.47
12.95,14.52
12.95,14.49
12.96,14.5
12.97,14.48
12.98,14.51
12.99,14.5
13.0,14.48
13.01,14.51
13.02,14.46
13.03,14.49
13.04,14.51
13.05,14.49
13.05,14.51
13.06,14.48
13.07,14.48
13.08,14.46
13.09,14.48
13.1,14.48
13.11,14.49
13.12,14.46
13.13,14.54
13.14,14.5
13.15,14.49
13.15,14.45
13.16,14.44
13.17,14.48
13.18,14.44
13.19,14.44
13.2,14.47
13.21,14.43
13.22,14.5
13.23,14.44
13.24,14.45
13.25,14.49
13.25,14.48
13.26,14.44
13.27,14.44
13.28,14.45
13.29,14.48
13.3,14.47
13.31,14.48
13.32,14.41
13.33,14.46
13.34,14.51
13.35,14.47
13.35,14.46
13.36,14.44
13.37,14.46
13.38,14.47
13.39,14.45
13.4,14.47
13.41,14.45
13.42,14.45
13.43,14.45
13.44,14.48
13.44,14.46
13.45,14.45
13.46,14.38
13.47,14.45
13.48,14.44
13.49,14.45
13.5,14.42
13.51,14.44
13.52,14.44
13.53,14.48
13.54,14.41
13.54,14.49
13.55,14.49
13.56,14.44
13.57,14.44
13.58,14.43
13.59,14.44
13.6,14.43
13.61,14.44
13.62,14.42
13.63,14.44
13.64,14.44
13.64,14.43
13.65,14.44
13.66,14.4
13.67,14.46
13.68,14.43
13.69,14.45
13.7,14.43
13.71,14.42
13.72,14.41
13.73,14.43
13.74,14.4
13.74,14.42
13.75,14.45
13.76,14.39
13.77,14.42
13.78,14.43
13.79,14.43
13.8,14.38
13.81,14.4
13.82,14.37
13.83,14.36
13.84,14.41
13.84,14.38
13.85,14.37
13.86,14.4
13.87,14.38
13.88,14.48
13.89,14.48
13.9,14.45
13.91,14.3
13.92,14.32
13.93,14.31
13.94,14.32
13.95,14.32
13.95,14.32
13.96,14.32
13.97,14.31
13.98,14.26
13.99,14.31
14.0,14.32
14.01,14.25
14.02,14.32
14.03,14.28
14.04,14.29
14.05,14.32
14.05,14.42
14.06,14.31
14.07,14.36
14.08,14.51
14.09,14.34
14.1,14.39
14.11,14.35
14.12,14.37
14.13,14.34
14.14,14.38
14.15,14.43
14.16,14.4
14.16,14.37
14.17,14.4
14.18,14.38
14.19,14.35
14.2,14.41
14.21,14.42
14.22,14.37
14.23,14.34
14.24,14.35
14.25,14.33
14.26,14.36
14.26,14.35
14.27,14.37
14.28,14.35
14.29,14.36
14.3,14.42
14.31,14.43
14.32,14.39
14.33,14.34
14.34,14.37
14.35,14.34
14.36,14.36
14.36,14.36
14.37,14.36
14.38,14.35
14.39,14.37
14.4,14.38
14.41,14.37
14.42,14.35
14.43,14.36
14.44,14.53
14.45,14.44
14.46,14.42
14.47,14.44
14.47,14.45
14.48,14.46
14.49,14.39
14.5,14.4
14.51,14.36
14.52,14.36
14.53,14.41
14.54,14.37
14.55,14.37
14.56,14.37
14.57,14.36
14.57,14.38
14.58,14.37
14.59,14.37
14.6,14.35
14.61,14.35
14.62,14.35
14.63,14.37
14.64,14.34
14.65,14.25
14.66,14.27
14.67,14.35
14.68,14.33
14.68,14.31
14.69,14.33
14.7,14.33
14.71,14.34
14.72,14.35
14.73,14.34
14.74,14.32
14.75,14.32
14.76,14.31
14.77,14.32
14.78,14.33
14.78,14.32
14.79,14.33
14.8,14.36
14.81,14.36
14.82,14.36
14.83,14.36
14.84,14.39
14.85,14.34
14.86,14.32
14.87,14.28
14.88,14.27
14.88,14.35
14.89,14.34
14.9,14.33
14.91,14.37
14.92,14.37
14.93,14.32
14.94,14.28
14.95,14.26
14.96,14.31
14.97,14.28
14.98,14.32
14.99,14.29
14.99,14.32
15.0,14.28
15.01,14.17
15.02,14.14
15.03,14.32
15.04,14.33
15.05,14.31
15.06,14.25
15.07,14.27
15.08,14.25
15.09,14.27
15.09,14.27
15.1,14.13
15.11,14.17
15.12,14.25
15.13,14.24
15.14,14.22
15.15,14.22
15.16,14.19
15.17,14.22
15.18,14.22
15.19,14.22
15.2,14.23
15.2,14.23
15.21,14.23
15.22,14.22
15.23,14.24
15.24,14.23
15.25,14.24
15.26,14.25
15.27,14.23
15.28,14.22
15.29,14.21
15.3,14.21
15.3,14.22
15.31,14.17
15.32,14.18
15.33,14.17
15.34,14.19
15.35,14.13
15.36,14.16
15.37,14.18
15.38,14.23
15.39,14.2
15.4,14.19
15.41,14.23
15.41,14.19
15.42,14.18
15.43,14.19
15.44,14.16
15.45,14.18
15.46,14.17
15.47,14.16
15.48,14.14
15.49,14.16
15.5,14.16
15.51,14.18
15.51,14.17
15.52,14.17
15.53,14.19
15.54,14.21
15.55,14.21
15.56,14.21
15.57,14.19
15.58,14.16
15.59,14.17
15.6,14.18
15.61,14.18
15.61,14.15
15.62,14.16
15.63,14.19
15.64,14.2
15.65,14.17
15.66,14.14
15.67,14.13
15.68,14.14
15.69,14.16
15.7,14.16
15.71,14.15
15.72,14.15
15.72,14.15
15.73,14.13
15.74,14.13
15.75,14.09
15.76,14.09
15.77,14.12
15.78,14.12
15.79,14.12
15.8,14.13
15.81,14.11
15.82,14.11
15.82,14.14
15.83,14.17
15.84,14.19
15.85,14.16
15.86,14.17
15.87,14.15
15.88,14.15
15.89,14.13
15.9,14.14
15.91,14.12
15.92,14.13
15.93,14.14
15.93,14.14
15.94,14.13
15.95,14.13
15.96,14.08
15.97,14.06
15.98,14.07
15.99,14.09
16.0,14.13
16.01,14.12
16.02,14.16
16.03,14.18
16.03,14.12
16.04,14.12
16.05,14.11
16.06,14.08
16.07,14.07
16.08,14.06
16.09,14.04
16.1,14.06
16.11,14.07
16.12,14.06
16.13,14.08
16.13,14.08
16.14,14.08
16.15,14.1
16.16,14.05
16.17,14.02
16.18,14.04
16.19,14.02
16.2,14.02
16.21,14.01
16.22,13.98
16.23,14.0
16.23,14.0
16.24,13.97
16.25,13.97
16.26,13.99
16.27,13.99
16.28,13.96
16.29,13.94
16.3,13.96
16.31,13.96
16.32,13.92
16.33,13.93
16.34,13.94
16.34,13.91
16.35,13.93
16.36,13.94
16.37,13.95
16.38,13.94
16.39,13.92
16.4,13.92
16.41,13.94
16.42,13.91
16.43,13.9
16.44,13.92
16.44,13.89
16.45,13.92
16.46,13.9
16.47,13.92
16.48,13.92
16.49,13.9
16.5,13.89
16.51,13.9
16.52,13.89
16.53,13.89
16.54,13.88
16.54,13.9
16.55,13.89
16.56,13.9
16.57,13.89
16.58,13.89
16.59,13.87
16.6,13.88
16.61,13.89
16.62,13.88
16.63,13.89
16.64,13.87
16.64,13.86
16.65,13.88
16.66,13.87
16.67,13.9
16.68,13.89
16.69,13.87
16.7,13.89
16.71,13.87
16.72,13.87
16.73,13.86
16.73,13.86
16.74,13.85
16.75,13.82
16.76,13.81
16.77,13.84
16.78,13.82
16.79,13.81
16.8,13.79
16.81,13.8
16.82,13.83
16.83,13.81
16.83,13.82
16.84,13.81
16.85,13.82
16.86,13.8
16.87,13.8
16.88,13.77
16.89,13.76
16.9,13.76
16.91,13.78
16.92,13.77
16.93,13.78
16.93,13.77
16.94,13.75
16.95,13.77
16.96,13.75
16.97,13.74
16.98,13.74
16.99,13.73
17.0,13.71
17.01,13.71
17.02,13.7
17.03,13.72
17.03,13.71
17.04,13.71
17.05,13.7
17.06,13.68
17.07,13.7
17.08,13.7
17.09,13.68
17.1,13.66
17.11,13.66
17.12,13.65
17.13,13.67
17.13,13.65
17.14,13.64
17.15,13.61
17.16,13.59
17.17,13.6
17.18,13.62
17.19,13.6
17.2,13.59
17.21,13.58
17.22,13.61
17.23,13.6
17.23,13.57
17.24,13.57
17.25,13.55
17.26,13.53
17.27,13.51
17.28,13.53
17.29,13.52
17.3,13.5
17.31,13.49
17.32,13.48
17.33,13.49
17.33,13.48
17.34,13.46
17.35,13.49
17.36,13.49
17.37,13.5
17.38,13.48
17.39,13.47
17.4,13.43
17.41,13.41
17.42,13.39
17.42,13.38
17.43,13.37
17.44,13.37
17.45,13.35
17.46,13.38
17.47,13.41
17.48,13.38
17.49,13.39
17.5,13.42
17.51,13.41
17.52,13.39
17.52,13.42
17.53,13.42
17.54,13.42
17.55,13.43
17.56,13.41
17.57,13.42
17.58,13.44
17.59,13.44
17.6,13.45
17.61,13.46
17.62,13.46
17.62,13.46
17.63,13.46
17.64,13.46
17.65,13.47
17.66,13.46
17.67,13.49
17.68,13.48
17.69,13.48
17.7,13.47
17.71,13.47
17.72,13.44
17.72,13.46
17.73,13.46
17.74,13.48
17.75,13.48
17.76,13.51
17.77,13.49
17.78,13.5
17.79,13.5
17.8,13.52
17.81,13.49
17.82,13.5
17.82,13.48
17.83,13.48
17.84,13.45
17.85,13.46
17.86,13.47
17.87,13.44
17.88,13.44
17.89,13.45
17.9,13.45
17.91,13.45
17.91,13.45
17.92,13.45
17.93,13.49
17.94,13.48
17.95,13.44
17.96,13.44
17.97,13.46
17.98,13.43
17.99,13.42
18.0,13.41
18.01,13.42
18.01,13.42
18.02,13.41
18.03,13.4
18.04,13.38
18.05,13.4
18.06,13.38
18.07,13.36
18.08,13.37
18.09,13.34
18.1,13.34
18.11,13.34
18.11,13.33
18.12,13.34
18.13,13.34
18.14,13.33
18.15,13.3
18.16,13.3
18.17,13.29
18.18,13.28
18.19,13.28
18.2,13.29
18.21,13.3
18.21,13.3
18.22,13.29
18.23,13.32
18.24,13.32
18.25,13.34
18.26,13.34
18.27,13.36
18.28,13.34
18.29,13.37
18.3,13.33
18.31,13.33
18.31,13.34
18.32,13.34
18.33,13.34
18.34,13.36
18.35,13.35
18.36,13.33
18.37,13.32
18.38,13.34
18.39,13.3
18.4,13.32
18.4,13.29
18.41,13.3
18.42,13.3
18.43,13.33
18.44,13.3
18.45,13.3
18.46,13.31
18.47,13.27
18.48,13.28
18.49,13.27
18.5,13.26
18.5,13.25
18.51,13.24
18.52,13.24
18.53,13.25
18.54,13.26
18.55,13.28
18.56,13.27
18.57,13.24
18.58,13.25
18.59,13.25
18.6,13.27
18.6,13.25
18.61,13.23
18.62,13.26
18.63,13.21
18.64,13.19
18.65,13.16
18.66,13.17
18.67,13.14
18.68,13.16
18.69,13.19
18.69,13.22
18.7,13.22
18.71,13.24
18.72,13.26
18.73,13.25
18.74,13.27
18.75,13.26
18.76,13.25
18.77,13.24
18.78,13.23
18.79,13.22
18.8,13.24
18.8,13.24
18.81,13.23
18.82,13.23
18.83,13.23
18.84,13.2
18.85,13.18
18.86,13.19
18.87,13.15
18.88,13.14
18.89,13.16
18.89,13.15
18.9,13.13
18.91,13.13
18.92,13.1
18.93,13.11
18.94,13.1
18.95,13.09
18.96,13.11
18.97,13.1
18.98,13.09
18.99,13.07
18.99,13.07
19.0,13.08
19.01,13.07
19.02,13.07
19.03,13.07
19.04,13.04
19.05,13.04
19.06,13.04
19.07,13.03
19.08,13.02
19.09,13.08
19.09,13.13
19.1,13.06
19.11,13.07
19.12,13.07
19.13,13.09
19.14,13.11
19.15,13.12
19.16,13.15
19.17,13.19
19.18,13.14
19.19,13.11
19.2,13.15
19.2,13.15
19.21,13.12
19.22,13.1
19.23,13.1
19.24,13.11
19.25,13.13
19.26,13.16
19.27,13.17
19.28,13.16
19.29,13.1
19.3,13.05
19.3,12.94
19.31,12.87
19.32,12.87
19.33,12.86
19.34,12.86
19.35,12.84
19.36,12.88
19.37,12.97
19.38,12.86
19.39,12.91
19.4,12.84
19.4,12.75
19.41,12.97
19.42,13.05
19.43,13.3
